[{"model": "contenttypes.contenttype", "pk": 1, "fields": {"app_label": "posts", "model": "post"}}, {"model": "contenttypes.contenttype", "pk": 2, "fields": {"app_label": "admin", "model": "logentry"}}, {"model": "contenttypes.contenttype", "pk": 3, "fields": {"app_label": "auth", "model": "permission"}}, {"model": "contenttypes.contenttype", "pk": 4, "fields": {"app_label": "auth", "model": "group"}}, {"model": "contenttypes.contenttype", "pk": 5, "fields": {"app_label": "auth", "model": "user"}}, {"model": "contenttypes.contenttype", "pk": 6, "fields": {"app_label": "contenttypes", "model": "contenttype"}}, {"model": "contenttypes.contenttype", "pk": 7, "fields": {"app_label": "sessions", "model": "session"}}, {"model": "contenttypes.contenttype", "pk": 8, "fields": {"app_label": "posts", "model": "group"}}, {"model": "contenttypes.contenttype", "pk": 9, "fields": {"app_label": "thumbnail", "model": "kvstore"}}, {"model": "contenttypes.contenttype", "pk": 10, "fields": {"app_label": "posts", "model": "comment"}}, {"model": "contenttypes.contenttype", "pk": 11, "fields": {"app_label": "posts", "model": "follow"}}, {"model": "sessions.session", "pk": "0v6jneg2i74g2j0k97l608xlukcdz3m9", "fields": {"session_data": "YjMzYzFlYjk0NjAwZGZkNjIwYWY3YzJiNzFlNTJhYjU4ZTA5Njg5NDp7Il9hdXRoX3VzZXJfaWQiOiIzIiwiX2F1dGhfdXNlcl9iYWNrZW5kIjoiZGphbmdvLmNvbnRyaWIuYXV0aC5iYWNrZW5kcy5Nb2RlbEJhY2tlbmQiLCJfYXV0aF91c2VyX2hhc2giOiJmODA5M2UzZDU0NzY5YmU4NjMyMGNiZjY0NTI1MDFlMmE3MTZhMjU5In0=", "expire_date": "2022-04-16T15:48:36.421Z"}}, {"model": "sessions.session", "pk": "6cy8rhao9fyvz7ta2rjp5rc5uwqjthf9", "fields": {"session_data": "MjJhNDhjNTg3YjNlYmU1N2EzMTNiOTE1ZDJkYjMwMjUyZjhlOTNjODp7Il9hdXRoX3VzZXJfaWQiOiI3IiwiX2F1dGhfdXNlcl9iYWNrZW5kIjoiZGphbmdvLmNvbnRyaWIuYXV0aC5iYWNrZW5kcy5Nb2RlbEJhY2tlbmQiLCJfYXV0aF91c2VyX2hhc2giOiJkZWZmOTMxY2EwMjkwZjBjOGQ5Y2NjODk2N2JkMGE2OTI3NThmYWY5In0=", "expire_date": "2022-06-13T02:37:05.886Z"}}, {"model": "sessions.session", "pk": "7iwkcucitqcmmkslowzqvofo092shgpv", "fields": {"session_data": "MTU3YjUzN2YxNGZmODFmZjhlZDZiZWQwYmUyNmMyODNkNjk3YjdiYTp7Il9hdXRoX3VzZXJfaWQiOiI0IiwiX2F1dGhfdXNlcl9iYWNrZW5kIjoiZGphbmdvLmNvbnRyaWIuYXV0aC5iYWNrZW5kcy5Nb2RlbEJhY2tlbmQiLCJfYXV0aF91c2VyX2hhc2giOiJhMGE2NDliNTFlZTNhZDJmYjliY2U2MjNmN2I0NGM1YTZjYTVhZDA0In0=", "expire_date": "2022-06-09T19:41:27.334Z"}}, {"model": "sessions.session", "pk": "9aq4bl2ci9kg6qfbahnngfv9em59ghes", "fields": {"session_data": "YjMzYzFlYjk0NjAwZGZkNjIwYWY3YzJiNzFlNTJhYjU4ZTA5Njg5NDp7Il9hdXRoX3VzZXJfaWQiOiIzIiwiX2F1dGhfdXNlcl9iYWNrZW5kIjoiZGphbmdvLmNvbnRyaWIuYXV0aC5iYWNrZW5kcy5Nb2RlbEJhY2tlbmQiLCJfYXV0aF91c2VyX2hhc2giOiJmODA5M2UzZDU0NzY5YmU4NjMyMGNiZjY0NTI1MDFlMmE3MTZhMjU5In0=", "expire_date": "2022-07-02T19:25:59.489Z"}}, {"model": "sessions.session", "pk": "ai9zpebqmoiy48duff6idutimetx98xy", "fields": {"session_data": "YjMzYzFlYjk0NjAwZGZkNjIwYWY3YzJiNzFlNTJhYjU4ZTA5Njg5NDp7Il9hdXRoX3VzZXJfaWQiOiIzIiwiX2F1dGhfdXNlcl9iYWNrZW5kIjoiZGphbmdvLmNvbnRyaWIuYXV0aC5iYWNrZW5kcy5Nb2RlbEJhY2tlbmQiLCJfYXV0aF91c2VyX2hhc2giOiJmODA5M2UzZDU0NzY5YmU4NjMyMGNiZjY0NTI1MDFlMmE3MTZhMjU5In0=", "expire_date": "2022-07-02T20:33:00.597Z"}}, {"model": "sessions.session", "pk": "ato0m5lc3spy8mmch26je2xb7euy0zv8", "fields": {"session_data": "NjJhNWI0NTVlYzY3MjM2ZDE5Yjg4YzY1MWUzYWFjZDVjNjA5NzY0Zjp7Il9hdXRoX3VzZXJfaWQiOiIxIiwiX2F1dGhfdXNlcl9iYWNrZW5kIjoiZGphbmdvLmNvbnRyaWIuYXV0aC5iYWNrZW5kcy5Nb2RlbEJhY2tlbmQiLCJfYXV0aF91c2VyX2hhc2giOiI1ZjEyMzk4OWFhN2VlODQ5MDNiMmUyYmUxNGE5MjU2MjJiNGJhYzI4In0=", "expire_date": "2019-10-15T14:42:37.187Z"}}, {"model": "sessions.session", "pk": "bfyezl00bw0d68qzo2kckcxfiydfnzz1", "fields": {"session_data": "YjMzYzFlYjk0NjAwZGZkNjIwYWY3YzJiNzFlNTJhYjU4ZTA5Njg5NDp7Il9hdXRoX3VzZXJfaWQiOiIzIiwiX2F1dGhfdXNlcl9iYWNrZW5kIjoiZGphbmdvLmNvbnRyaWIuYXV0aC5iYWNrZW5kcy5Nb2RlbEJhY2tlbmQiLCJfYXV0aF91c2VyX2hhc2giOiJmODA5M2UzZDU0NzY5YmU4NjMyMGNiZjY0NTI1MDFlMmE3MTZhMjU5In0=", "expire_date": "2022-06-15T19:44:34.529Z"}}, {"model": "sessions.session", "pk": "cv5r2crkoq7wae8r754yunoz9y0t1g7a", "fields": {"session_data": "YzI0YmE4ZDYxMWJkOGZjYWNkNzA2ZjY1Zjg3MzMzYjc3YmMwNWE3Zjp7Il9hdXRoX3VzZXJfaWQiOiI4IiwiX2F1dGhfdXNlcl9iYWNrZW5kIjoiZGphbmdvLmNvbnRyaWIuYXV0aC5iYWNrZW5kcy5Nb2RlbEJhY2tlbmQiLCJfYXV0aF91c2VyX2hhc2giOiJhODViOTI5YmRjYjgyZjdkZDVhNjQ2ODkyODk5Y2RkNTgzZWYwYjMwIn0=", "expire_date": "2022-06-13T09:13:48.569Z"}}, {"model": "sessions.session", "pk": "d4ejzhyxa0xra6ieooatdk8j5ymu0iue", "fields": {"session_data": "YjMzYzFlYjk0NjAwZGZkNjIwYWY3YzJiNzFlNTJhYjU4ZTA5Njg5NDp7Il9hdXRoX3VzZXJfaWQiOiIzIiwiX2F1dGhfdXNlcl9iYWNrZW5kIjoiZGphbmdvLmNvbnRyaWIuYXV0aC5iYWNrZW5kcy5Nb2RlbEJhY2tlbmQiLCJfYXV0aF91c2VyX2hhc2giOiJmODA5M2UzZDU0NzY5YmU4NjMyMGNiZjY0NTI1MDFlMmE3MTZhMjU5In0=", "expire_date": "2022-06-13T16:58:08.910Z"}}, {"model": "sessions.session", "pk": "ejd0myuo4kb5oocwm37bavei9r0twrub", "fields": {"session_data": "ZWQ4ZGIyMWNiN2ZiYzYzMzlkNGY1MWUxNmUwNGFhNzZiMDMwZDE1ZDp7Il9hdXRoX3VzZXJfaWQiOiI2IiwiX2F1dGhfdXNlcl9iYWNrZW5kIjoiZGphbmdvLmNvbnRyaWIuYXV0aC5iYWNrZW5kcy5Nb2RlbEJhY2tlbmQiLCJfYXV0aF91c2VyX2hhc2giOiI4MWNmMDkwODFjYzM0MDkzNDRhMTVkOTQwYWU2YTA4ZmVhOTIwYzgwIn0=", "expire_date": "2022-06-12T20:36:50.585Z"}}, {"model": "sessions.session", "pk": "mhigvsgkj0egek5v7rphgsoyvw0mx5gf", "fields": {"session_data": "YjMzYzFlYjk0NjAwZGZkNjIwYWY3YzJiNzFlNTJhYjU4ZTA5Njg5NDp7Il9hdXRoX3VzZXJfaWQiOiIzIiwiX2F1dGhfdXNlcl9iYWNrZW5kIjoiZGphbmdvLmNvbnRyaWIuYXV0aC5iYWNrZW5kcy5Nb2RlbEJhY2tlbmQiLCJfYXV0aF91c2VyX2hhc2giOiJmODA5M2UzZDU0NzY5YmU4NjMyMGNiZjY0NTI1MDFlMmE3MTZhMjU5In0=", "expire_date": "2022-06-05T16:42:58.802Z"}}, {"model": "sessions.session", "pk": "mvaqomvk1vhj2gn5v1wmjo4hkoqsot6r", "fields": {"session_data": "OGMwODBhN2IxNmExMjgxZmU1NTkwNGE0Y2RiMTUzODMxZjUyNmMyNTp7Il9hdXRoX3VzZXJfaWQiOiI5IiwiX2F1dGhfdXNlcl9iYWNrZW5kIjoiZGphbmdvLmNvbnRyaWIuYXV0aC5iYWNrZW5kcy5Nb2RlbEJhY2tlbmQiLCJfYXV0aF91c2VyX2hhc2giOiI2MTkyZWI1MWFkZjhkZjU4ZWIwM2I0YTIwZWRmZTNkZWEyYjMyM2ZmIn0=", "expire_date": "2022-06-13T15:34:26.793Z"}}, {"model": "sessions.session", "pk": "s37mt76i6m21ycjw087973ynpmjr7yfk", "fields": {"session_data": "MDc3YTg0NTVlYWVlOWRiMjk4MWIwYThhMzJiODg4YThkNGFlYzIzNzp7Il9hdXRoX3VzZXJfaWQiOiIxMCIsIl9hdXRoX3VzZXJfYmFja2VuZCI6ImRqYW5nby5jb250cmliLmF1dGguYmFja2VuZHMuTW9kZWxCYWNrZW5kIiwiX2F1dGhfdXNlcl9oYXNoIjoiZmZiYjBjZDlmYjhiZTc2YWRhYTExZWFjYWYyMGYxMGVhOGRhYjhiNiJ9", "expire_date": "2022-07-02T21:46:21.734Z"}}, {"model": "sessions.session", "pk": "st4dsgf3jej0evpg2qk0s8waw82ovgdu", "fields": {"session_data": "YjMzYzFlYjk0NjAwZGZkNjIwYWY3YzJiNzFlNTJhYjU4ZTA5Njg5NDp7Il9hdXRoX3VzZXJfaWQiOiIzIiwiX2F1dGhfdXNlcl9iYWNrZW5kIjoiZGphbmdvLmNvbnRyaWIuYXV0aC5iYWNrZW5kcy5Nb2RlbEJhY2tlbmQiLCJfYXV0aF91c2VyX2hhc2giOiJmODA5M2UzZDU0NzY5YmU4NjMyMGNiZjY0NTI1MDFlMmE3MTZhMjU5In0=", "expire_date": "2022-06-30T21:30:52.727Z"}}, {"model": "posts.group", "pk": 3, "fields": {"title": "\u041f\u0443\u0442\u0435\u0448\u0435\u0441\u0442\u0432\u0438\u044f", "slug": "travel", "description": "\u0412\u0441\u0435 \u043e \u043f\u0443\u0442\u0435\u0448\u0435\u0441\u0442\u0432\u0438\u044f\u0445"}}, {"model": "posts.group", "pk": 4, "fields": {"title": "\u0421\u043f\u043e\u0440\u0442", "slug": "sport", "description": "\u0412\u0441\u0435 \u0441\u0430\u043c\u043e\u0435 \u0438\u043d\u0442\u0435\u0440\u0435\u0441\u043d\u043e\u0435 \u0438\u0437 \u043c\u0438\u0440\u0430 \u0441\u043f\u043e\u0440\u0442\u0430"}}, {"model": "posts.group", "pk": 5, "fields": {"title": "\u0422\u0435\u0445\u043d\u0438\u043a\u0430", "slug": "tech", "description": "\u0412\u0441\u0435 \u043e\u0431 \u0438\u043d\u0442\u0435\u0440\u0435\u0441\u043d\u043e\u043c \u0438\u0437 \u043c\u0438\u0440\u0430 \u0442\u0435\u0445\u043d\u0438\u043a\u0438"}}, {"model": "posts.group", "pk": 6, "fields": {"title": "\u0421\u0430\u0434\u043e\u0432\u043e\u0434\u0441\u0442\u0432\u043e", "slug": "garden", "description": "\u0412\u0441\u0435 \u043e\u0431 \u0438\u043d\u0442\u0435\u0440\u0435\u0441\u043d\u043e\u043c \u0432 \u0441\u0430\u0434\u043e\u0432\u043e\u0434\u0441\u0442\u0432\u0435"}}, {"model": "posts.group", "pk": 7, "fields": {"title": "\u0416\u0438\u0437\u043d\u044c", "slug": "life", "description": "\u0412\u0441\u0435, \u0447\u0442\u043e \u043a\u0430\u0441\u0430\u0435\u0442\u0441\u044f \u0436\u0438\u0437\u043d\u0438 (\u044d\u043a\u043e\u043b\u043e\u0433\u0438\u044f, \u043b\u0430\u0439\u0444\u0445\u0430\u043a\u0438 \u0438 \u0442.\u0434.)"}}, {"model": "thumbnail.kvstore", "pk": "sorl-thumbnail||image||4b72f23a9fc73b071822981d0cc17529", "fields": {"value": "{\"name\": \"cache/74/37/7437c626b18c72cbb734dd45e4dcce34.jpg\", \"storage\": \"django.core.files.storage.FileSystemStorage\", \"size\": [960, 339]}"}}, {"model": "thumbnail.kvstore", "pk": "sorl-thumbnail||image||583211a47131590aa3dc0765af318d9d", "fields": {"value": "{\"name\": \"cache/15/ed/15ed42c13fb7a375782f6a35f502160a.jpg\", \"storage\": \"django.core.files.storage.FileSystemStorage\", \"size\": [960, 339]}"}}, {"model": "thumbnail.kvstore", "pk": "sorl-thumbnail||image||6079594bfe7064a9dfd3420206aecc96", "fields": {"value": "{\"name\": \"posts/shlisselburg.jpg\", \"storage\": \"django.core.files.storage.FileSystemStorage\", \"size\": [1200, 800]}"}}, {"model": "thumbnail.kvstore", "pk": "sorl-thumbnail||image||64a1975714aa2f824fa86da72c8752a5", "fields": {"value": "{\"name\": \"posts/K-chemu-snitsya-salyut.jpg\", \"storage\": \"django.core.files.storage.FileSystemStorage\", \"size\": [1920, 1200]}"}}, {"model": "thumbnail.kvstore", "pk": "sorl-thumbnail||image||64f242a41b299255e509eda9fd044458", "fields": {"value": "{\"name\": \"cache/0d/89/0d8969213f21510b9316dc4c7698be2c.jpg\", \"storage\": \"django.core.files.storage.FileSystemStorage\", \"size\": [960, 339]}"}}, {"model": "thumbnail.kvstore", "pk": "sorl-thumbnail||image||6aed59c3cd4ac839664b897e195673be", "fields": {"value": "{\"name\": \"cache/74/94/74948f58b8df09b66d5fda3dcf04d41b.jpg\", \"storage\": \"django.core.files.storage.FileSystemStorage\", \"size\": [960, 339]}"}}, {"model": "thumbnail.kvstore", "pk": "sorl-thumbnail||image||7264233dca600d3db91f92792dc6fe24", "fields": {"value": "{\"name\": \"posts/tolstoy.jpg\", \"storage\": \"django.core.files.storage.FileSystemStorage\", \"size\": [866, 946]}"}}, {"model": "thumbnail.kvstore", "pk": "sorl-thumbnail||image||738551a3c93993cf7ba08c89c827409b", "fields": {"value": "{\"name\": \"cache/a5/8c/a58c93873d83997057eec959d2a79aba.jpg\", \"storage\": \"django.core.files.storage.FileSystemStorage\", \"size\": [960, 339]}"}}, {"model": "thumbnail.kvstore", "pk": "sorl-thumbnail||image||7ab22b559d11f7380696d5ba761c1f4d", "fields": {"value": "{\"name\": \"cache/6c/d2/6cd2ec59e2c0f91c84dc4709401119c6.jpg\", \"storage\": \"django.core.files.storage.FileSystemStorage\", \"size\": [960, 339]}"}}, {"model": "thumbnail.kvstore", "pk": "sorl-thumbnail||image||8fe3d236fed327088f651435f895e4d4", "fields": {"value": "{\"name\": \"posts/LNaZOhqkx3w.jpg\", \"storage\": \"django.core.files.storage.FileSystemStorage\", \"size\": [1080, 864]}"}}, {"model": "thumbnail.kvstore", "pk": "sorl-thumbnail||image||92cded039cf707121db7332d12fc3102", "fields": {"value": "{\"name\": \"cache/3e/29/3e2922bf1f5d9607d7e0a718c124915f.jpg\", \"storage\": \"django.core.files.storage.FileSystemStorage\", \"size\": [960, 339]}"}}, {"model": "thumbnail.kvstore", "pk": "sorl-thumbnail||image||962e82a1c4ec0d61ebcb904247aef816", "fields": {"value": "{\"name\": \"posts/2022-01-06_11.37.32.jpeg\", \"storage\": \"django.core.files.storage.FileSystemStorage\", \"size\": [4032, 3024]}"}}, {"model": "thumbnail.kvstore", "pk": "sorl-thumbnail||image||9b3c0c0f724e1ec4ac1d59b1a189054d", "fields": {"value": "{\"name\": \"posts/2021-10-19_10.58.35.jpeg\", \"storage\": \"django.core.files.storage.FileSystemStorage\", \"size\": [3882, 2884]}"}}, {"model": "thumbnail.kvstore", "pk": "sorl-thumbnail||image||9ffcea03774c8a267303747d6662e480", "fields": {"value": "{\"name\": \"cache/da/51/da51a128c8a8ba7a639b479b7fc564bd.jpg\", \"storage\": \"django.core.files.storage.FileSystemStorage\", \"size\": [960, 339]}"}}, {"model": "thumbnail.kvstore", "pk": "sorl-thumbnail||image||b44df7e32e2cf5e904aba2b755ee2e80", "fields": {"value": "{\"name\": \"cache/5e/16/5e16b7fdf98a3574f814ae5317847d66.jpg\", \"storage\": \"django.core.files.storage.FileSystemStorage\", \"size\": [960, 339]}"}}, {"model": "thumbnail.kvstore", "pk": "sorl-thumbnail||image||b990295aff43d22a84f05fd37303496c", "fields": {"value": "{\"name\": \"posts/2021-07-14_14.27.14.jpeg\", \"storage\": \"django.core.files.storage.FileSystemStorage\", \"size\": [4032, 3024]}"}}, {"model": "thumbnail.kvstore", "pk": "sorl-thumbnail||image||ce0b5d2fe28018acf8efd0e517939fba", "fields": {"value": "{\"name\": \"cache/40/13/401372a478f90efc695570550c540ecb.jpg\", \"storage\": \"django.core.files.storage.FileSystemStorage\", \"size\": [960, 339]}"}}, {"model": "thumbnail.kvstore", "pk": "sorl-thumbnail||image||d101106af73b2108e4f86da70a7f9f11", "fields": {"value": "{\"name\": \"posts/2022-01-06_11.38.53.jpeg\", \"storage\": \"django.core.files.storage.FileSystemStorage\", \"size\": [4032, 3024]}"}}, {"model": "thumbnail.kvstore", "pk": "sorl-thumbnail||image||dd4998e2826e483e732a74e3ccfcc9ef", "fields": {"value": "{\"name\": \"posts/2022-04-30_15.08.38.jpeg\", \"storage\": \"django.core.files.storage.FileSystemStorage\", \"size\": [4032, 3024]}"}}, {"model": "thumbnail.kvstore", "pk": "sorl-thumbnail||image||fc142e4baef3d6de2b61535c323fa7a0", "fields": {"value": "{\"name\": \"posts/2022-01-06_11.38.44.jpeg\", \"storage\": \"django.core.files.storage.FileSystemStorage\", \"size\": [4032, 3024]}"}}, {"model": "thumbnail.kvstore", "pk": "sorl-thumbnail||thumbnails||6079594bfe7064a9dfd3420206aecc96", "fields": {"value": "[\"4b72f23a9fc73b071822981d0cc17529\"]"}}, {"model": "thumbnail.kvstore", "pk": "sorl-thumbnail||thumbnails||64a1975714aa2f824fa86da72c8752a5", "fields": {"value": "[\"92cded039cf707121db7332d12fc3102\"]"}}, {"model": "thumbnail.kvstore", "pk": "sorl-thumbnail||thumbnails||7264233dca600d3db91f92792dc6fe24", "fields": {"value": "[\"583211a47131590aa3dc0765af318d9d\"]"}}, {"model": "thumbnail.kvstore", "pk": "sorl-thumbnail||thumbnails||8fe3d236fed327088f651435f895e4d4", "fields": {"value": "[\"9ffcea03774c8a267303747d6662e480\"]"}}, {"model": "thumbnail.kvstore", "pk": "sorl-thumbnail||thumbnails||962e82a1c4ec0d61ebcb904247aef816", "fields": {"value": "[\"738551a3c93993cf7ba08c89c827409b\"]"}}, {"model": "thumbnail.kvstore", "pk": "sorl-thumbnail||thumbnails||9b3c0c0f724e1ec4ac1d59b1a189054d", "fields": {"value": "[\"b44df7e32e2cf5e904aba2b755ee2e80\"]"}}, {"model": "thumbnail.kvstore", "pk": "sorl-thumbnail||thumbnails||b990295aff43d22a84f05fd37303496c", "fields": {"value": "[\"ce0b5d2fe28018acf8efd0e517939fba\"]"}}, {"model": "thumbnail.kvstore", "pk": "sorl-thumbnail||thumbnails||d101106af73b2108e4f86da70a7f9f11", "fields": {"value": "[\"7ab22b559d11f7380696d5ba761c1f4d\"]"}}, {"model": "thumbnail.kvstore", "pk": "sorl-thumbnail||thumbnails||dd4998e2826e483e732a74e3ccfcc9ef", "fields": {"value": "[\"64f242a41b299255e509eda9fd044458\"]"}}, {"model": "thumbnail.kvstore", "pk": "sorl-thumbnail||thumbnails||fc142e4baef3d6de2b61535c323fa7a0", "fields": {"value": "[\"6aed59c3cd4ac839664b897e195673be\"]"}}, {"model": "auth.permission", "pk": 1, "fields": {"name": "Can add post", "content_type": 1, "codename": "add_post"}}, {"model": "auth.permission", "pk": 2, "fields": {"name": "Can change post", "content_type": 1, "codename": "change_post"}}, {"model": "auth.permission", "pk": 3, "fields": {"name": "Can delete post", "content_type": 1, "codename": "delete_post"}}, {"model": "auth.permission", "pk": 4, "fields": {"name": "Can view post", "content_type": 1, "codename": "view_post"}}, {"model": "auth.permission", "pk": 5, "fields": {"name": "Can add log entry", "content_type": 2, "codename": "add_logentry"}}, {"model": "auth.permission", "pk": 6, "fields": {"name": "Can change log entry", "content_type": 2, "codename": "change_logentry"}}, {"model": "auth.permission", "pk": 7, "fields": {"name": "Can delete log entry", "content_type": 2, "codename": "delete_logentry"}}, {"model": "auth.permission", "pk": 8, "fields": {"name": "Can view log entry", "content_type": 2, "codename": "view_logentry"}}, {"model": "auth.permission", "pk": 9, "fields": {"name": "Can add permission", "content_type": 3, "codename": "add_permission"}}, {"model": "auth.permission", "pk": 10, "fields": {"name": "Can change permission", "content_type": 3, "codename": "change_permission"}}, {"model": "auth.permission", "pk": 11, "fields": {"name": "Can delete permission", "content_type": 3, "codename": "delete_permission"}}, {"model": "auth.permission", "pk": 12, "fields": {"name": "Can view permission", "content_type": 3, "codename": "view_permission"}}, {"model": "auth.permission", "pk": 13, "fields": {"name": "Can add group", "content_type": 4, "codename": "add_group"}}, {"model": "auth.permission", "pk": 14, "fields": {"name": "Can change group", "content_type": 4, "codename": "change_group"}}, {"model": "auth.permission", "pk": 15, "fields": {"name": "Can delete group", "content_type": 4, "codename": "delete_group"}}, {"model": "auth.permission", "pk": 16, "fields": {"name": "Can view group", "content_type": 4, "codename": "view_group"}}, {"model": "auth.permission", "pk": 17, "fields": {"name": "Can add user", "content_type": 5, "codename": "add_user"}}, {"model": "auth.permission", "pk": 18, "fields": {"name": "Can change user", "content_type": 5, "codename": "change_user"}}, {"model": "auth.permission", "pk": 19, "fields": {"name": "Can delete user", "content_type": 5, "codename": "delete_user"}}, {"model": "auth.permission", "pk": 20, "fields": {"name": "Can view user", "content_type": 5, "codename": "view_user"}}, {"model": "auth.permission", "pk": 21, "fields": {"name": "Can add content type", "content_type": 6, "codename": "add_contenttype"}}, {"model": "auth.permission", "pk": 22, "fields": {"name": "Can change content type", "content_type": 6, "codename": "change_contenttype"}}, {"model": "auth.permission", "pk": 23, "fields": {"name": "Can delete content type", "content_type": 6, "codename": "delete_contenttype"}}, {"model": "auth.permission", "pk": 24, "fields": {"name": "Can view content type", "content_type": 6, "codename": "view_contenttype"}}, {"model": "auth.permission", "pk": 25, "fields": {"name": "Can add session", "content_type": 7, "codename": "add_session"}}, {"model": "auth.permission", "pk": 26, "fields": {"name": "Can change session", "content_type": 7, "codename": "change_session"}}, {"model": "auth.permission", "pk": 27, "fields": {"name": "Can delete session", "content_type": 7, "codename": "delete_session"}}, {"model": "auth.permission", "pk": 28, "fields": {"name": "Can view session", "content_type": 7, "codename": "view_session"}}, {"model": "auth.permission", "pk": 29, "fields": {"name": "Can add group", "content_type": 8, "codename": "add_group"}}, {"model": "auth.permission", "pk": 30, "fields": {"name": "Can change group", "content_type": 8, "codename": "change_group"}}, {"model": "auth.permission", "pk": 31, "fields": {"name": "Can delete group", "content_type": 8, "codename": "delete_group"}}, {"model": "auth.permission", "pk": 32, "fields": {"name": "Can view group", "content_type": 8, "codename": "view_group"}}, {"model": "auth.permission", "pk": 33, "fields": {"name": "Can add kv store", "content_type": 9, "codename": "add_kvstore"}}, {"model": "auth.permission", "pk": 34, "fields": {"name": "Can change kv store", "content_type": 9, "codename": "change_kvstore"}}, {"model": "auth.permission", "pk": 35, "fields": {"name": "Can delete kv store", "content_type": 9, "codename": "delete_kvstore"}}, {"model": "auth.permission", "pk": 36, "fields": {"name": "Can view kv store", "content_type": 9, "codename": "view_kvstore"}}, {"model": "auth.permission", "pk": 37, "fields": {"name": "Can add comment", "content_type": 10, "codename": "add_comment"}}, {"model": "auth.permission", "pk": 38, "fields": {"name": "Can change comment", "content_type": 10, "codename": "change_comment"}}, {"model": "auth.permission", "pk": 39, "fields": {"name": "Can delete comment", "content_type": 10, "codename": "delete_comment"}}, {"model": "auth.permission", "pk": 40, "fields": {"name": "Can view comment", "content_type": 10, "codename": "view_comment"}}, {"model": "auth.permission", "pk": 41, "fields": {"name": "Can add \u041f\u043e\u0434\u043f\u0438\u0441\u043a\u0430", "content_type": 11, "codename": "add_follow"}}, {"model": "auth.permission", "pk": 42, "fields": {"name": "Can change \u041f\u043e\u0434\u043f\u0438\u0441\u043a\u0430", "content_type": 11, "codename": "change_follow"}}, {"model": "auth.permission", "pk": 43, "fields": {"name": "Can delete \u041f\u043e\u0434\u043f\u0438\u0441\u043a\u0430", "content_type": 11, "codename": "delete_follow"}}, {"model": "auth.permission", "pk": 44, "fields": {"name": "Can view \u041f\u043e\u0434\u043f\u0438\u0441\u043a\u0430", "content_type": 11, "codename": "view_follow"}}, {"model": "auth.user", "pk": 1, "fields": {"password": "pbkdf2_sha256$150000$Zmogy9nRoGLg$r8ZunNrLUsIZGTLUJ+7HHhuubg8eQ4PPmrTvLzQ1Tfs=", "last_login": "2019-10-01T14:42:37.186Z", "is_superuser": true, "username": "admin", "first_name": "", "last_name": "", "email": "", "is_staff": true, "is_active": true, "date_joined": "2019-10-01T14:34:56.579Z", "groups": [], "user_permissions": []}}, {"model": "auth.user", "pk": 3, "fields": {"password": "pbkdf2_sha256$150000$i6MM9dg19As1$eWrAmUpiW9/v1X4U5UcQv9JqUwCTPNdxjUWbRQlEMBs=", "last_login": "2022-06-18T20:33:00.571Z", "is_superuser": true, "username": "bassd", "first_name": "\u0421\u0435\u0440\u0433\u0435\u0439", "last_name": "", "email": "bassdriver83@yandex.ru", "is_staff": true, "is_active": true, "date_joined": "2022-02-05T19:52:11Z", "groups": [], "user_permissions": []}}, {"model": "auth.user", "pk": 6, "fields": {"password": "pbkdf2_sha256$150000$IswKxKKkHOAx$F/NApEINUE0CWL7Qqk5Fvb51AGRRORHcP7Bc89HkFS8=", "last_login": "2022-05-29T20:36:50.561Z", "is_superuser": false, "username": "OlyaSeven", "first_name": "Olga", "last_name": "Schmidt", "email": "Olya.seven.66@gmail.com", "is_staff": false, "is_active": true, "date_joined": "2022-05-29T20:33:13.307Z", "groups": [], "user_permissions": []}}, {"model": "auth.user", "pk": 7, "fields": {"password": "pbkdf2_sha256$150000$F3GZIomS2YBb$6e9Z1jtHs61/ocsmspUJb//+9izj4oe+PXzyKf7J/Oc=", "last_login": "2022-05-30T02:37:05.867Z", "is_superuser": false, "username": "\u0412\u0430\u043b\u0435\u0440\u0438\u044f", "first_name": "\u0412\u0430\u043b\u0435\u0440\u0438\u044f", "last_name": "\u0413\u0443\u0441\u0435\u0439\u043d\u043e\u0432\u0430", "email": "val.apr01@gmail.com", "is_staff": false, "is_active": true, "date_joined": "2022-05-30T02:06:25.669Z", "groups": [], "user_permissions": []}}, {"model": "auth.user", "pk": 8, "fields": {"password": "pbkdf2_sha256$150000$Ln9wOfRUgN7p$h5z6RW2nzSGhO3Bimdw4RMDGg9JqLmPHELsBAgSXRnI=", "last_login": "2022-05-30T09:13:48.545Z", "is_superuser": false, "username": "\u0414\u0430\u0440\u0438\u044f", "first_name": "\u0414\u0430\u0440\u0438\u044f", "last_name": "\u0428\u0443\u0431\u0438\u043d\u0430", "email": "daria7k@gmail.com", "is_staff": false, "is_active": true, "date_joined": "2022-05-30T09:11:59.403Z", "groups": [], "user_permissions": []}}, {"model": "auth.user", "pk": 9, "fields": {"password": "pbkdf2_sha256$150000$fNPN5OfNAcZU$xLt6ltnhPyl+gLAuWCuiTS4MPWQYlUdAG6dw1p5mkhs=", "last_login": "2022-05-30T15:34:26.773Z", "is_superuser": false, "username": "olgabezz@15", "first_name": "\u041e\u043b\u044c\u0433\u0430", "last_name": "\u0411\u0435\u0437\u0437\u0430\u0431\u043e\u0442\u043d\u043e\u0432\u0430", "email": "olgabezz@mail.ru", "is_staff": false, "is_active": true, "date_joined": "2022-05-30T15:33:12.582Z", "groups": [], "user_permissions": []}}, {"model": "auth.user", "pk": 10, "fields": {"password": "pbkdf2_sha256$150000$YyrP4MmOwQeN$Z/BNLFgtKMurK1o9SqAweGJVH4jLd/wDeNKolQJIfeo=", "last_login": "2022-06-18T21:46:21.697Z", "is_superuser": false, "username": "Zelena", "first_name": "\u041e\u043b\u044c\u0433\u0430", "last_name": "", "email": "zelenaya_ola@mail.ru", "is_staff": false, "is_active": true, "date_joined": "2022-06-18T21:44:49.999Z", "groups": [], "user_permissions": []}}, {"model": "posts.post", "pk": 59, "fields": {"text": "\u0412\u043e\u0442 \u0438 \u043d\u0430\u0441\u0442\u0430\u043b \u0434\u043e\u043b\u0433\u043e\u0436\u0434\u0430\u043d\u043d\u044b\u0439 \u0434\u0435\u043d\u044c, \u043a\u043e\u0433\u0434\u0430 \u0440\u0435\u0430\u043b\u0438\u0437\u043e\u0432\u0430\u043d \u0441\u0432\u043e\u0439 \u043f\u0435\u0440\u0432\u044b\u0439 \u0441\u0430\u0439\u0442 \u0432 \u043f\u0440\u043e\u0446\u0435\u0441\u0441\u0435 \u0443\u0447\u0435\u0431\u044b!\r\n\u0412 \u0434\u0430\u043d\u043d\u043e\u043c \u0441\u043b\u0443\u0447\u0430\u0435 \u044f \u043d\u0430\u0434\u0435\u044e\u0441\u044c, \u0447\u0442\u043e \u044d\u0442\u043e \u043e\u0442\u043f\u0440\u0430\u0432\u043d\u0430\u044f \u0442\u043e\u0447\u043a\u0430 \u0432 \u043c\u0438\u0440 \u043f\u0440\u043e\u0433\u0440\u0430\u043c\u043c\u0438\u0440\u043e\u0432\u0430\u043d\u0438\u044f \u0438 \u0441\u043e\u0437\u0434\u0430\u043d\u0438\u044f \u0438\u043d\u0442\u0435\u0440\u0435\u0441\u043d\u044b\u0445 \u0432\u0435\u0431-\u043f\u0440\u0438\u043b\u043e\u0436\u0435\u043d\u0438\u0439, \u043e\u0431\u0443\u0447\u0435\u043d\u0438\u044f \u0438 \u0440\u0430\u0437\u0432\u0438\u0442\u0438\u044f \u0432 \u0441\u0444\u0435\u0440\u0435 IT, \u043a\u043e\u0442\u043e\u0440\u0430\u044f \u043c\u043d\u0435 \u0441\u0435\u0439\u0447\u0430\u0441 \u0438\u043d\u0442\u0435\u0440\u0435\u0441\u043d\u0430 \u043a\u0430\u043a \u043d\u0438\u043a\u043e\u0433\u0434\u0430.", "pub_date": "2022-05-29T19:01:55.650Z", "author": 3, "group": null, "image": "posts/K-chemu-snitsya-salyut.jpg"}}, {"model": "posts.post", "pk": 60, "fields": {"text": "\u041f\u0440\u0438\u0433\u043b\u0430\u0448\u0430\u044e \u0441\u0432\u043e\u0438\u0445 \u0434\u0440\u0443\u0437\u0435\u0439 \u0438 \u0438\u0445 \u0434\u0440\u0443\u0437\u0435\u0439/\u0437\u043d\u0430\u043a\u043e\u043c\u044b\u0445 \u0432\u043e\u0441\u043f\u043e\u043b\u044c\u0437\u043e\u0432\u0430\u0442\u044c\u0441\u044f \u0434\u0430\u043d\u043d\u044b\u043c \u0441\u0430\u0439\u0442\u043e\u043c \u0434\u043b\u044f \u0432\u0435\u0434\u0435\u043d\u0438\u044f \u043d\u0435\u0431\u043e\u043b\u044c\u0448\u0438\u0445 \u0431\u043b\u043e\u0433\u043e\u0432, \u0430 \u0438\u043c\u0435\u043d\u043d\u043e:\r\n- \u0434\u0435\u043b\u0438\u0442\u044c\u0441\u044f \u0438\u043d\u0442\u0435\u0440\u0435\u0441\u043d\u044b\u043c\u0438 \u043d\u0430\u0431\u043b\u044e\u0434\u0435\u043d\u0438\u044f\u043c\u0438 \u0438\u0437 \u0436\u0438\u0437\u043d\u0438, \u043d\u0430\u043f\u0438\u0441\u0430\u0442\u044c \u043d\u0435\u0431\u043e\u043b\u044c\u0448\u0443\u044e \u0441\u0442\u0430\u0442\u044c\u044e \u0438\u043b\u0438 \u0440\u0435\u043a\u043e\u043c\u0435\u043d\u0434\u0430\u0446\u0438\u044e \u043d\u0430 \u0440\u0430\u0437\u043d\u044b\u0435 \u0442\u0435\u043c\u0430\u0442\u0438\u043a\u0438 (\u0434\u043b\u044f \u044d\u0442\u043e\u0433\u043e \u043c\u043e\u0436\u043d\u043e \u043f\u043e\u0441\u0442\u044b \u043e\u0442\u043d\u043e\u0441\u0438\u0442\u044c \u043a \u0440\u0430\u0437\u043d\u044b\u043c \u0433\u0440\u0443\u043f\u043f\u0430\u043c). \u0414\u043b\u044f \u044d\u0442\u043e\u0433\u043e \u044f \u0441\u043e\u0437\u0434\u0430\u043b \u043d\u0435\u0441\u043a\u043e\u043b\u044c\u043a\u043e \u0438\u043d\u0442\u0435\u0440\u0435\u0441\u043d\u044b\u0445, \u043d\u0430 \u043c\u043e\u0439 \u0432\u0437\u0433\u043b\u044f\u0434, \u043c\u043d\u043e\u0433\u0438\u043c \u0442\u0435\u043c, \u0442\u0430\u043a\u0438\u0445 \u043a\u0430\u043a - \u041f\u0443\u0442\u0435\u0448\u0435\u0441\u0442\u0432\u0438\u044f, \u0421\u043f\u043e\u0440\u0442, \u0421\u0430\u0434\u043e\u0432\u043e\u0434\u0441\u0442\u0432\u043e \u0438 \u0434\u0440. \u0415\u0441\u043b\u0438 \u0435\u0441\u0442\u044c \u043f\u0440\u0435\u0434\u043b\u043e\u0436\u0435\u043d\u0438\u044f \u0434\u043b\u044f \u0441\u043e\u0437\u0434\u0430\u043d\u0438\u044f \u0434\u0440\u0443\u0433\u0438\u0445 \u0433\u0440\u0443\u043f\u043f, \u043f\u0440\u043e\u0441\u044c\u0431\u0430 \u043d\u0430\u043f\u0438\u0441\u0430\u0442\u044c \u0432 \u043a\u043e\u043c\u043c\u0435\u043d\u0442\u0430\u0440\u0438\u0438 \u043a \u044d\u0442\u043e\u043c\u0443 \u043f\u043e\u0441\u0442\u0443.\r\n- \u043a\u043e\u043c\u043c\u0435\u043d\u0442\u0438\u0440\u043e\u0432\u0430\u0442\u044c \u043f\u043e\u0441\u0442\u044b \u0434\u0440\u0443\u0433\u0438\u0445 \u0430\u0432\u0442\u043e\u0440\u043e\u0432;\r\n- \u043f\u043e\u0434\u043f\u0438\u0441\u0430\u0442\u044c\u0441\u044f \u043d\u0430 \u043f\u043e\u043d\u0440\u0430\u0432\u0438\u0432\u0448\u0438\u0445\u0441\u044f \u0430\u0432\u0442\u043e\u0440\u043e\u0432, \u0437\u0430 \u0447\u044c\u0438\u043c\u0438 \u043f\u043e\u0441\u0442\u0430\u043c\u0438 \u043c\u043e\u0436\u043d\u043e \u0431\u0443\u0434\u0435\u0442 \u0441\u043b\u0435\u0434\u0438\u0442\u044c \u043d\u0430 \u0432\u043a\u043b\u0430\u0434\u043a\u0435 \u0418\u0437\u0431\u0440\u0430\u043d\u043d\u044b\u0435 \u0430\u0432\u0442\u043e\u0440\u044b.\r\n\r\n\u0414\u043b\u044f \u043f\u0440\u0438\u043c\u0435\u0440\u0430 \u044f \u0441\u043e\u0437\u0434\u0430\u043c \u043e\u0442 \u0441\u0435\u0431\u044f \u043d\u0435\u0441\u043a\u043e\u043b\u044c\u043a\u043e \u043d\u043e\u0432\u044b\u0445 \u043f\u043e\u0441\u0442\u043e\u0432.\r\n\r\n\u0421\u043e\u043e\u0442\u0432\u0435\u0442\u0441\u0442\u0432\u0435\u043d\u043d\u043e, \u0432\u0441\u0435, \u043a\u043e\u043c\u0443 \u0438\u043d\u0442\u0435\u0440\u0435\u0441\u043d\u043e, \u043f\u0440\u043e\u0441\u044c\u0431\u0430 \u043f\u0440\u0438\u0441\u043e\u0435\u0434\u0438\u043d\u044f\u0442\u044c\u0441\u044f \u043a \u043f\u0440\u043e\u0435\u043a\u0442\u0443 Yatube :)", "pub_date": "2022-05-29T19:08:54.986Z", "author": 3, "group": null, "image": ""}}, {"model": "posts.post", "pk": 61, "fields": {"text": "\u041d\u0430\u0434\u0435\u044e\u0441\u044c \u044d\u0442\u043e \u043f\u043e\u0441\u043b\u0435\u0434\u043d\u0438\u0439 \u0432\u0432\u043e\u0434\u043d\u044b\u0439 \u043f\u043e\u0441\u0442, \u0438 \u0434\u0430\u043b\u0435\u0435 \u0443\u0436\u0435 \u043d\u0430\u0447\u043d\u0443\u0442\u0441\u044f \u0438\u043d\u0442\u0435\u0440\u0435\u0441\u043d\u044b\u0435 \u043f\u0443\u0431\u043b\u0438\u043a\u0430\u0446\u0438\u0438 \u043d\u0430 \u0441\u0430\u0439\u0442\u0435.\r\n\r\n\u041d\u0435\u043c\u043d\u043e\u0433\u043e \u043e \u0442\u043e\u043c, \u0447\u0442\u043e \u043c\u043e\u0436\u0435\u0442 \u044d\u0442\u043e\u0442 \u0441\u0430\u0439\u0442 (\u043f\u0440\u043e\u0448\u0443 \u043d\u0435 \u0441\u0443\u0434\u0438\u0442\u044c \u0441\u0442\u0440\u043e\u0433\u043e, \u0442\u0430\u043a\u043e\u0433\u043e \u0444\u0443\u043d\u043a\u0446\u0438\u043e\u043d\u0430\u043b\u0430 \u043a\u0430\u043a \u043d\u0430 \u0441\u043e\u0432\u0440\u0435\u043c\u0435\u043d\u043d\u044b\u0445 \u0431\u043e\u043b\u044c\u0448\u0438\u0445 \u043f\u043b\u0430\u0442\u0444\u043e\u0440\u043c\u0430\u0445 \u0441\u043e\u0446\u0438\u0430\u043b\u044c\u043d\u044b\u0445 \u0441\u0435\u0442\u0435\u0439, \u0443 \u043c\u0435\u043d\u044f \u043d\u0435\u0442 (\u044f \u0432\u0435\u0434\u044c \u0442\u043e\u043b\u044c\u043a\u043e \u0443\u0447\u0443\u0441\u044c):\r\n- \u0441\u043c\u043e\u0442\u0440\u0435\u0442\u044c \u0432\u0441\u0435 \u043f\u043e\u0441\u0442\u044b (\u043b\u044e\u0431\u044b\u043c \u043f\u043e\u043b\u044c\u0437\u043e\u0432\u0430\u0442\u0435\u043b\u044f\u043c)\r\n- \u0441\u043c\u043e\u0442\u0440\u0435\u0442\u044c \u043f\u043e\u0441\u0442\u044b \u043f\u043e \u043a\u043e\u043d\u043a\u0440\u0435\u0442\u043d\u043e\u0439 \u0433\u0440\u0443\u043f\u043f\u0435 (\u0442\u0435\u043c\u0430\u0442\u0438\u043a\u0435) (\u043b\u044e\u0431\u044b\u043c \u043f\u043e\u043b\u044c\u0437\u043e\u0432\u0430\u0442\u0435\u043b\u044f\u043c)\r\n- \u0441\u043c\u043e\u0442\u0440\u0435\u0442\u044c \u043f\u0440\u043e\u0444\u0438\u043b\u044c \u043f\u043e\u043b\u044c\u0437\u043e\u0432\u0430\u0442\u0435\u043b\u044f \u0438 \u0435\u0433\u043e \u0441\u0442\u0430\u0442\u0438\u0441\u0442\u0438\u043a\u0443 (\u043b\u044e\u0431\u044b\u043c \u043f\u043e\u043b\u044c\u0437\u043e\u0432\u0430\u0442\u0435\u043b\u044f\u043c)\r\n- \u0441\u043e\u0437\u0434\u0430\u0432\u0430\u0442\u044c \u043f\u043e\u0441\u0442\u044b \u0438 \u0432\u044b\u0431\u0438\u0440\u0430\u0442\u044c \u0433\u0440\u0443\u043f\u043f\u0443 (\u043d\u0435\u043e\u0431\u044f\u0437\u0430\u0442\u0435\u043b\u044c\u043d\u043e) (\u0442\u043e\u043b\u044c\u043a\u043e \u0437\u0430\u0440\u0435\u0433\u0438\u0441\u0442\u0440\u0438\u0440\u043e\u0432\u0430\u043d\u043d\u044b\u043c)\r\n- \u043f\u0440\u0438\u043a\u0440\u0435\u043f\u043b\u044f\u0442\u044c \u043a\u0430\u0440\u0442\u0438\u043d\u043a\u0443 \u043a \u043f\u043e\u0441\u0442\u0443 (\u0442\u043e\u043b\u044c\u043a\u043e \u0437\u0430\u0440\u0435\u0433\u0438\u0441\u0442\u0440\u0438\u0440\u043e\u0432\u0430\u043d\u043d\u044b\u043c)\r\n- \u0440\u0435\u0434\u0430\u043a\u0442\u0438\u0440\u043e\u0432\u0430\u0442\u044c \u043f\u043e\u0441\u0442 (\u0442\u043e\u043b\u044c\u043a\u043e \u0437\u0430\u0440\u0435\u0433\u0438\u0441\u0442\u0440\u0438\u0440\u043e\u0432\u0430\u043d\u043d\u044b\u043c)\r\n- \u0434\u043e\u0431\u0430\u0432\u043b\u044f\u0442\u044c \u043a\u043e\u043c\u043c\u0435\u043d\u0442\u0430\u0440\u0438\u0438 \u043a \u043f\u043e\u0441\u0442\u0430\u043c \u043b\u044e\u0431\u044b\u0445 \u0430\u0432\u0442\u043e\u0440\u043e\u0432 (\u0442\u043e\u043b\u044c\u043a\u043e \u0437\u0430\u0440\u0435\u0433\u0438\u0441\u0442\u0440\u0438\u0440\u043e\u0432\u0430\u043d\u043d\u044b\u043c)\r\n- \u043f\u043e\u0434\u043f\u0438\u0441\u044b\u0432\u0430\u0442\u044c\u0441\u044f \u043d\u0430 \u0438\u043d\u0442\u0435\u0440\u0435\u0441\u043d\u044b\u0445 \u0430\u0432\u0442\u043e\u0440\u043e\u0432 (\u0442\u043e\u043b\u044c\u043a\u043e \u0437\u0430\u0440\u0435\u0433\u0438\u0441\u0442\u0440\u0438\u0440\u043e\u0432\u0430\u043d\u043d\u044b\u043c), \u043c\u043e\u0436\u043d\u043e \u0438 \u043e\u0442\u043f\u0438\u0441\u044b\u0432\u0430\u0442\u044c\u0441\u044f, \u0435\u0441\u043b\u0438 \u0432\u0434\u0440\u0443\u0433 \u0441\u0442\u0430\u043d\u0435\u0442 \u043d\u0435 \u0438\u043d\u0442\u0435\u0440\u0435\u0441\u043d\u043e.\r\n\r\n\u041e\u0444\u043e\u0440\u043c\u043b\u0435\u043d\u0438\u0435 \u043f\u043e\u0441\u0442\u043e\u0432 \u0434\u043e\u0441\u0442\u0430\u0442\u043e\u0447\u043d\u043e \u043f\u0440\u043e\u0441\u0442\u043e\u0435 - \u044d\u0442\u043e \u0432\u0432\u043e\u0434 \u0442\u0435\u043a\u0441\u0442\u0430, \u0431\u0435\u0437 \u0434\u043e\u043f\u043e\u043b\u043d\u0438\u0442\u0435\u043b\u044c\u043d\u043e\u0433\u043e \u0435\u0433\u043e \u0444\u043e\u0440\u043c\u0430\u0442\u0438\u0440\u043e\u0432\u0430\u043d\u0438\u044f.", "pub_date": "2022-05-29T19:19:22.182Z", "author": 3, "group": null, "image": ""}}, {"model": "posts.post", "pk": 62, "fields": {"text": "\u041f\u043e\u0436\u0430\u043b\u0443\u0439, \u043f\u0435\u0440\u0432\u044b\u0439 \u043f\u043e\u0441\u0442 \u0431\u0443\u0434\u0435\u0442 \u043e \u043f\u0443\u0442\u0435\u0448\u0435\u0441\u0442\u0432\u0438\u044f\u0445. \r\n\u042d\u0442\u043e \u0442\u043e, \u0447\u0435\u043c \u043c\u043d\u043e\u0433\u0438\u043c \u043e\u0447\u0435\u043d\u044c \u0445\u043e\u0447\u0435\u0442\u0441\u044f \u0437\u0430\u043d\u0438\u043c\u0430\u0442\u044c\u0441\u044f, \u043d\u043e, \u043a \u0441\u043e\u0436\u0430\u043b\u0435\u043d\u0438\u044e, \u0432\u0440\u0435\u043c\u0435\u043d\u0438 \u0438 \u0432\u043e\u0437\u043c\u043e\u0436\u043d\u043e\u0441\u0442\u0435\u0439 \u043d\u0430\u0439\u0442\u0438 \u0431\u044b\u0432\u0430\u0435\u0442 \u043e\u0447\u0435\u043d\u044c \u0442\u0440\u0443\u0434\u043d\u043e. \u0410 \u0441 \u0443\u0447\u0435\u0442\u043e\u043c \u043d\u044b\u043d\u0435\u0448\u043d\u0435\u0433\u043e \u043d\u0435\u043f\u0440\u043e\u0441\u0442\u043e\u0433\u043e \u0432\u0440\u0435\u043c\u0435\u043d\u0438, \u0442\u0430\u043a \u0438 \u0432\u043e\u043e\u0431\u0449\u0435 \u043c\u043e\u0436\u0435\u0442 \u043e\u043a\u0430\u0437\u0430\u0442\u044c\u0441\u044f, \u0447\u0442\u043e \u043f\u043e\u0435\u0445\u0430\u0442\u044c \u043c\u043e\u0436\u0435\u0442 \u0431\u044b\u0442\u044c \u043d\u0435\u043a\u0443\u0434\u0430.\r\n\r\n\u041d\u043e, \u043d\u0430 \u0441\u0430\u043c\u043e\u043c \u0434\u0435\u043b\u0435, \u0432\u0441\u0435 \u043d\u0435 \u0442\u0430\u043a \u043f\u043b\u043e\u0445\u043e, \u0438 \u043d\u0430 \u043c\u043e\u0435\u043c \u043f\u0440\u0438\u043c\u0435\u0440\u0435, \u043a\u0430\u043a \u043f\u043e\u043a\u0430\u0437\u0430\u043b\u0430 \u043f\u0440\u0430\u043a\u0442\u0438\u043a\u0430, \u0432\u043d\u0443\u0442\u0440\u0435\u043d\u043d\u0438\u0439 \u0442\u0443\u0440\u0438\u0437\u043c - \u043e\u0447\u0435\u043d\u044c \u0438\u043d\u0442\u0435\u0440\u0435\u0441\u043d\u0430\u044f \u0442\u0435\u043c\u0430. \u0412 \u043c\u043e\u0435\u043c \u0441\u043b\u0443\u0447\u0430\u0435, \u044d\u0442\u043e \u0435\u0449\u0435 \u0438 \u0430\u0432\u0442\u043e\u0442\u0443\u0440\u0438\u0437\u043c, \u043a\u043e\u0433\u0434\u0430 \u043c\u043e\u0436\u043d\u043e \u043f\u043e\u0435\u0445\u0430\u0442\u044c \u043d\u0430 \u0441\u0432\u043e\u0435\u0439 \u043c\u0430\u0448\u0438\u043d\u0435 \u0441 \u0441\u0435\u043c\u044c\u0435\u0439 \u0438\u043b\u0438 \u0434\u0440\u0443\u0437\u044c\u044f\u043c\u0438. \r\n\r\n\u0422\u0430\u043a \u043f\u043e\u043b\u0443\u0447\u0438\u043b\u043e\u0441\u044c, \u0447\u0442\u043e \u0432 \u043f\u0440\u043e\u0448\u043b\u043e\u043c \u0433\u043e\u0434\u0443 \u0432 \u0440\u0430\u0437\u0433\u0430\u0440 \u043f\u0430\u043d\u0434\u0435\u043c\u0438\u0438, \u043a\u043e\u0433\u0434\u0430 \u0437\u0430\u0440\u0443\u0431\u0435\u0436\u043d\u044b\u0439 \u043e\u0442\u0434\u044b\u0445 \u043d\u0430\u043a\u0440\u044b\u043b\u0441\u044f \u043c\u0435\u0434\u043d\u044b\u043c \u0442\u0430\u0437\u043e\u043c, \u0440\u0435\u0448\u0438\u043b\u0438\u0441\u044c \u0432\u043f\u0435\u0440\u0432\u044b\u0435 \u043d\u0430 \u043f\u0435\u0440\u0432\u044b\u0439 \u0434\u043b\u0438\u043d\u043d\u044b\u0439 \u0430\u0432\u0442\u043e\u043c\u0430\u0440\u0448\u0443\u0442 \u043f\u043e \u0441\u0442\u0440\u0430\u043d\u0435. \u0411\u044b\u043b\u0438 \u043d\u0435\u043a\u043e\u0442\u043e\u0440\u044b\u0435 \u043e\u043f\u0430\u0441\u0435\u043d\u0438\u044f \u0441 \u0443\u0447\u0435\u0442\u043e\u043c \u0442\u043e\u0433\u043e, \u0447\u0442\u043e \u0443 \u043d\u0430\u0441 \u0432 \u0441\u0435\u043c\u044c\u0435 \u0440\u0435\u0431\u0435\u043d\u043e\u043a \u0435\u0449\u0435 \u043d\u0435 \u043e\u0447\u0435\u043d\u044c \u0431\u043e\u043b\u044c\u0448\u043e\u0439, \u0438 \u043d\u0435 \u0431\u044b\u043b\u043e \u043e\u043f\u044b\u0442\u0430 \u043d\u0430 \u0434\u043b\u0438\u0442\u0435\u043b\u044c\u043d\u044b\u0435 \u043f\u0440\u043e\u0431\u0435\u0433\u0438 \u043d\u0430 \u0430\u0432\u0442\u043e\u043c\u043e\u0431\u0438\u043b\u0435, \u043d\u043e \u0432\u0441\u0435 \u0436\u0435 \u043f\u0440\u0438 \u043f\u043e\u0434\u0434\u0435\u0440\u0436\u043a\u0435 \u0436\u0435\u043d\u044b \u0438 \u0435\u0435 \u043c\u0430\u043c\u044b \u0441\u043e\u0431\u0440\u0430\u043b\u0438\u0441\u044c \u0432 \u043f\u0443\u0442\u0435\u0448\u0435\u0441\u0442\u0432\u0438\u0435 \u043f\u043e \u0437\u0430\u043c\u0435\u0447\u0430\u0442\u0435\u043b\u044c\u043d\u043e\u043c\u0443 \u0440\u0435\u0433\u0438\u043e\u043d\u0443, \u0420\u0435\u0441\u043f\u0443\u0431\u043b\u0438\u043a\u0435 \u041a\u0430\u0440\u0435\u043b\u0438\u0438, \u0430, \u0435\u0441\u043b\u0438 \u0431\u044b\u0442\u044c \u0442\u043e\u0447\u043d\u0435\u0435, \u043f\u043e \u043d\u0435\u0441\u043a\u043e\u043b\u044c\u043a\u0438\u043c \u0440\u0435\u0433\u0438\u043e\u043d\u0430\u043c \u0441 \u043e\u0441\u043d\u043e\u0432\u043d\u044b\u043c\u0438 \u043e\u0441\u0442\u0430\u043d\u043e\u0432\u043a\u0430\u043c\u0438 \u0432 \u041a\u0430\u0440\u0435\u043b\u0438\u0438. \r\n\r\n\u041d\u0435 \u0431\u0443\u0434\u0443 \u043e\u043f\u0438\u0441\u044b\u0432\u0430\u0442\u044c \u0432 \u0434\u0435\u0442\u0430\u043b\u044f\u0445, \u0441\u043a\u043e\u043b\u044c\u043a\u043e \u0432\u0440\u0435\u043c\u0435\u043d\u0438 \u0431\u044b\u043b\u043e \u043f\u043e\u0442\u0440\u0430\u0447\u0435\u043d\u043e \u043d\u0430 \u043f\u043b\u0430\u043d\u0438\u0440\u043e\u0432\u0430\u043d\u0438\u0435 \u043c\u0430\u0440\u0448\u0440\u0443\u0442\u0430 (\u043c\u043d\u0435 \u043f\u043e\u0432\u0435\u0437\u043b\u043e \u0443\u0447\u0430\u0441\u0442\u0432\u043e\u0432\u0430\u0442\u044c \u0432 \u043c\u0435\u043d\u044c\u0448\u0435\u0439 \u0441\u0442\u0435\u043f\u0435\u043d\u0438 \u0432 \u044d\u0442\u043e\u043c \u043f\u0440\u043e\u0446\u0435\u0441\u0441\u0435 :)), \u043d\u043e \u0440\u0435\u0437\u0443\u043b\u044c\u0442\u0430\u0442 \u0442\u043e\u0433\u043e \u0441\u0442\u043e\u0438\u043b.\r\n\r\n\u0418\u0442\u043e\u0433\u043e\u0432\u044b\u0439 \u043c\u0430\u0440\u0448\u0443\u0442: \u041c\u043e\u0441\u043a\u0432\u0430 - \u0412\u0435\u043b\u0438\u043a\u0438\u0439 \u041d\u043e\u0432\u0433\u043e\u0440\u043e\u0434 (2 \u043d\u043e\u0447\u0438) - \u041e\u043d\u0435\u0436\u0441\u043a\u043e\u0435 \u043e\u0437\u0435\u0440\u043e (3 \u043d\u043e\u0447\u0438) - \u041b\u0430\u0434\u043e\u0436\u0441\u043a\u043e\u0435 \u043e\u0437\u0435\u0440\u043e (\u0432\u0435\u0440\u043d\u0435\u0435 \u0441\u0435\u0432\u0435\u0440\u043d\u0435\u0435 \u043d\u0435\u0433\u043e \u043d\u0430 \u0442\u0443\u0440\u0431\u0430\u0437\u0435 \u0432 \u0433\u043b\u0443\u0445\u043e\u043c\u0430\u043d\u0438 \u043d\u0435\u0434\u0430\u043b\u0435\u043a\u043e \u043e\u0442 \u0444\u0438\u043d\u0441\u043a\u043e\u0439 \u0433\u0440\u0430\u043d\u0438\u0446\u044b) (4 \u043d\u043e\u0447\u0438) - \u0421\u0430\u043d\u043a\u0442-\u041f\u0435\u0442\u0435\u0440\u0431\u0443\u0440\u0433 (2 \u043d\u043e\u0447\u0438) - \u041c\u043e\u0441\u043a\u0432\u0430.\r\n\r\n\u041a\u0430\u043a \u0440\u0435\u0437\u0443\u043b\u044c\u0442\u0430\u0442, \u043d\u0430\u043c \u0432\u0441\u0435\u043c \u043e\u0447\u0435\u043d\u044c \u043f\u043e\u043d\u0440\u0430\u0432\u0438\u043b\u0441\u044f \u043e\u0442\u0434\u044b\u0445 \u043d\u0430 \u043f\u0440\u0438\u0440\u043e\u0434\u0435, \u0430 \u043f\u0443\u0442\u0435\u0448\u0435\u0441\u0442\u0432\u0438\u0435 \u043d\u0430 \u043c\u0430\u0448\u0438\u043d\u0435 (\u043c\u043d\u0435 \u043a\u0430\u043a \u043b\u044e\u0431\u0438\u0442\u0435\u043b\u044e \u0430\u0432\u0442\u043e\u043c\u043e\u0431\u0438\u043b\u0435\u0439 \u0438 \u0435\u0437\u0434\u044b, \u043f\u043e\u0441\u043b\u0435 \u0434\u043e\u043b\u0433\u0438\u0445 \u043f\u0435\u0440\u0438\u043e\u0434\u043e\u0432 \u043a\u043e\u0440\u043e\u0442\u043a\u0438\u0445 \u043f\u043e\u0435\u0437\u0434\u043e\u043a \u043f\u043e \u0433\u043e\u0440\u043e\u0434\u0443) - \u043e\u0434\u043d\u043e \u0443\u0434\u043e\u0432\u043e\u043b\u044c\u0441\u0442\u0432\u0438\u0435. \u0414\u043e\u0440\u043e\u0433\u0438 \u043a\u0430\u043a \u0432 \u041c\u043e\u0441\u043a\u043e\u0432\u0441\u043a\u043e\u043c \u0440\u0435\u0433\u0438\u043e\u043d\u0435, \u0442\u0430\u043a \u0438 \u0432 \u041d\u043e\u0432\u0433\u043e\u0440\u043e\u0434\u0441\u043a\u043e\u0439, \u041b\u0435\u043d\u0438\u043d\u0433\u0440\u0430\u0434\u0441\u043a\u043e\u0439 \u043e\u0431\u043b\u0430\u0441\u0442\u044f\u0445 \u0438 \u0440\u0435\u0441\u043f\u0443\u0431\u043b\u0438\u043a\u0435 \u041a\u0430\u0440\u0435\u043b\u0438\u0438 - \u043f\u0440\u043e\u0441\u0442\u043e \u043e\u0447\u0435\u043d\u044c \u0445\u043e\u0440\u043e\u0448\u0438\u0435, \u0435\u0445\u0430\u0442\u044c \u043e\u0434\u043d\u043e \u0443\u0434\u043e\u0432\u043e\u043b\u044c\u0441\u0442\u0432\u0438\u0435, \u0430 \u043f\u043e \u043f\u043b\u0430\u0442\u043d\u043e\u0439 \u0442\u0440\u0430\u0441\u0441\u0435 \u041c\u043e\u0441\u043a\u0432\u0430 - \u0421\u0430\u043d\u043a\u0442-\u041f\u0435\u0442\u0435\u0440\u0431\u0443\u0440\u0433, \u0435\u0449\u0435 \u0438 \u0431\u044b\u0441\u0442\u0440\u043e \u043c\u043e\u0436\u043d\u043e \u0434\u043e\u0435\u0445\u0430\u0442\u044c. \r\n\r\n\u041f\u043e\u044d\u0442\u043e\u043c\u0443, \u0432\u0441\u0435\u043c, \u043a\u0442\u043e \u0435\u0449\u0435 \u043d\u0435 \u0431\u044b\u043b \u0432 \u041a\u0430\u0440\u0435\u043b\u0438\u0438, \u043e\u0447\u0435\u043d\u044c \u0440\u0435\u043a\u043e\u043c\u0435\u043d\u0434\u0443\u044e \u0441\u044a\u0435\u0437\u0434\u0438\u0442\u044c \u0442\u0443\u0434\u0430, \u0442\u0430\u043c \u0435\u0441\u0442\u044c \u043d\u0430 \u0447\u0442\u043e \u043f\u043e\u0441\u043c\u043e\u0442\u0440\u0435\u0442\u044c. \u0412 \u043a\u043e\u043c\u043c\u0435\u043d\u0442\u0430\u0440\u0438\u044f\u0445 \u043a \u043f\u043e\u0441\u0442\u0443 \u043c\u043e\u0436\u0435\u0442\u0435 \u0437\u0430\u0434\u0430\u0432\u0430\u0442\u044c \u0432\u043e\u043f\u0440\u043e\u0441\u044b, \u043f\u043e\u0441\u0442\u0430\u0440\u0430\u044e\u0441\u044c \u043d\u0430 \u0432\u0441\u0435 \u043e\u0442\u0432\u0435\u0442\u0438\u0442\u044c.", "pub_date": "2022-05-29T19:51:02.545Z", "author": 3, "group": 3, "image": "posts/2021-07-14_14.27.14.jpeg"}}, {"model": "posts.post", "pk": 63, "fields": {"text": "\u0422\u0435\u043c\u0430 \u043f\u0443\u0442\u0435\u0448\u0435\u0441\u0442\u0432\u0438\u0439 \u043e\u0447\u0435\u043d\u044c \u0438\u043d\u0442\u0435\u0440\u0435\u0441\u043d\u0430\u044f.\r\n\r\n\u041f\u043e\u044d\u0442\u043e\u043c\u0443 \u043d\u0430\u0432\u0435\u0440\u043d\u043e\u0435 \u043f\u0440\u043e\u0434\u043e\u043b\u0436\u0443 \u0435\u0449\u0435. \u041a\u0440\u043e\u043c\u0435 \u0432\u043d\u0443\u0442\u0440\u0435\u043d\u043d\u0435\u0433\u043e \u0442\u0443\u0440\u0438\u0437\u043c\u0430, \u043a\u043e\u043d\u0435\u0447\u043d\u043e, \u0445\u043e\u0442\u0435\u043b\u043e\u0441\u044c \u0431\u044b \u0435\u0437\u0434\u0438\u0442\u044c \u0438 \u0432 \u0434\u0440\u0443\u0433\u0438\u0435 \u0441\u0442\u0440\u0430\u043d\u044b, \u0433\u0434\u0435 \u0434\u0440\u0443\u0433\u0430\u044f \u043a\u0443\u043b\u044c\u0442\u0443\u0440\u0430, \u043f\u0440\u0438\u0440\u043e\u0434\u0430, \u043b\u044e\u0434\u0438. \u042d\u0442\u043e \u0432\u0435\u0434\u044c \u0442\u043e\u0436\u0435 \u043e\u0447\u0435\u043d\u044c \u0438\u043d\u0442\u0435\u0440\u0435\u0441\u043d\u043e. \u041d\u0443 \u0438, \u043a\u043e\u043d\u0435\u0447\u043d\u043e, \u043c\u043e\u0440\u0435, \u043f\u043b\u044f\u0436\u0438, \u0433\u0434\u0435 \u043c\u043e\u0436\u043d\u043e \u0438 \u0440\u0430\u0441\u0441\u043b\u0430\u0431\u0438\u0442\u044c\u0441\u044f \u0438 \u043f\u043e\u043b\u0443\u0447\u0438\u0442\u044c \u043c\u043e\u0440\u0435 \u0443\u0434\u043e\u0432\u043e\u043b\u044c\u0441\u0442\u0432\u0438\u044f.\r\n\r\n\u0420\u0430\u0441\u0441\u043a\u0430\u0436\u0443 \u043e\u0431 \u043e\u0434\u043d\u043e\u0439 \u0438\u0437 \u0441\u0432\u043e\u0435\u0439 \u043b\u044e\u0431\u0438\u043c\u043e\u0439 \u0442\u043e\u0447\u043a\u0435 \u043e\u0442\u0434\u044b\u0445\u0430 \u0437\u0430 \u0433\u0440\u0430\u043d\u0438\u0446\u0435\u0439 - \u043e\u0441\u0442\u0440\u043e\u0432 \u041a\u0438\u043f\u0440. \u0412 \u043f\u0435\u0440\u0432\u044b\u0439 \u0440\u0430\u0437 \u043f\u043e\u0431\u044b\u0432\u0430\u043b \u043d\u0430 \u043d\u0435\u043c \u0432 2017 \u0433\u043e\u0434\u0443, \u0438 \u0441\u0440\u0430\u0437\u0443 \u0436\u0435 \u043e\u0441\u0442\u0440\u043e\u0432 \u0437\u0430\u043f\u0430\u043b \u0432 \u0441\u0435\u0440\u0434\u0446\u0435 :). \u0421 \u0442\u0435\u0445 \u043f\u043e\u0440 \u0442\u0443\u0434\u0430 \u0445\u043e\u0447\u0435\u0442\u0441\u044f \u0432\u043e\u0437\u0432\u0440\u0430\u0449\u0430\u0442\u044c\u0441\u044f \u0441\u043d\u043e\u0432\u0430 \u0438 \u0441\u043d\u043e\u0432\u0430, \u0438 \u0431\u043b\u0430\u0433\u043e\u0434\u0430\u0440\u044f \u0441\u043c\u044f\u0433\u0447\u0435\u043d\u0438\u044e \u043f\u0430\u043d\u0434\u0435\u043c\u0438\u0439\u043d\u044b\u0445 \u043e\u0433\u0440\u0430\u043d\u0438\u0447\u0435\u043d\u0438\u0439 \u0443\u0434\u0430\u043b\u043e\u0441\u044c \u0442\u0430\u043c \u043f\u043e\u0431\u044b\u0432\u0430\u0442\u044c \u043e\u0441\u0435\u043d\u044c\u044e \u043f\u0440\u043e\u0448\u043b\u043e\u0433\u043e \u0433\u043e\u0434\u0430 \u0432\u0441\u0435\u0439 \u0441\u0435\u043c\u044c\u0435\u0439.\r\n\r\n\u041f\u0440\u0435\u0436\u0434\u0435 \u0432\u0441\u0435\u0433\u043e, \u044d\u0442\u043e \u043e\u0447\u0435\u043d\u044c \u043a\u043e\u043c\u0444\u043e\u0440\u0442\u043d\u043e\u0435 \u043c\u0435\u0441\u0442\u043e \u043f\u043e \u043a\u043b\u0438\u043c\u0430\u0442\u0443 \u0432 \u0442\u0435\u0447\u0435\u043d\u0438\u0435 \u043f\u043e\u0447\u0442\u0438 \u0432\u0441\u0435\u0433\u043e \u0433\u043e\u0434\u0430, \u0445\u043e\u0442\u044f, \u043a\u043e\u043d\u0435\u0447\u043d\u043e \u043b\u0435\u0442\u043e\u043c, \u0442\u0430\u043c \u043c\u043e\u0436\u0435\u0442 \u0431\u044b\u0442\u044c \u0436\u0430\u0440\u043a\u043e\u0432\u0430\u0442\u043e, \u043d\u043e \u0442\u0430\u043a\u0430\u044f \u043f\u043e\u0433\u043e\u0434\u0430 \u043f\u0435\u0440\u0435\u043d\u043e\u0441\u0438\u0442\u0441\u044f \u0442\u0430\u043c \u043a\u043e\u043c\u0444\u043e\u0440\u0442\u043d\u0435\u0435, \u0447\u0435\u043c \u0432 \u0434\u0443\u0445\u043e\u0442\u0435 \u043a\u0440\u0443\u043f\u043d\u044b\u0445 \u0433\u043e\u0440\u043e\u0434\u043e\u0432 \u043d\u0430\u0448\u0435\u0439 \u0441\u0442\u0440\u0430\u043d\u044b. \u041e\u0447\u0435\u043d\u044c \u0447\u0438\u0441\u0442\u044b\u0435 \u043f\u0435\u0441\u043e\u0447\u043d\u044b\u0435 \u043f\u043b\u044f\u0436\u0438 \u0441 \u043e\u0447\u0435\u043d\u044c \u0447\u0438\u0441\u0442\u043e\u0439 \u0432\u043e\u0434\u043e\u0439. \u041a\u0438\u043f\u0440\u0441\u043a\u0438\u0435 \u043f\u043b\u044f\u0436\u0438 \u0441\u0447\u0438\u0442\u0430\u044e\u0442\u0441\u044f \u043e\u0434\u043d\u0438\u043c\u0438 \u0438\u0437 \u043b\u0443\u0447\u0448\u0438\u0445, \u043f\u043e\u044d\u0442\u043e\u043c\u0443 \u043e\u0434\u043d\u043e\u0437\u043d\u0430\u0447\u043d\u043e \u0440\u0435\u043a\u043e\u043c\u0435\u043d\u0434\u043e\u0432\u0430\u043b \u0431\u044b \u043f\u043e\u0435\u0445\u0430\u0442\u044c \u0442\u0443\u0434\u0430 \u0432\u0441\u0435\u043c, \u043a\u043e\u043c\u0443 \u0438\u043d\u0442\u0435\u0440\u0435\u0441\u0435\u043d \u0442\u0430\u043a\u043e\u0439 \u0432\u0438\u0434 \u0434\u043e\u0441\u0443\u0433\u0430. \u041a \u0442\u043e\u043c\u0443 \u0436\u0435 \u043f\u043b\u044f\u0436\u0438 \u043e\u0447\u0435\u043d\u044c \u0445\u043e\u0440\u043e\u0448\u0438 \u0434\u043b\u044f \u0434\u0435\u0442\u0435\u0439. \u0418\u043c \u043c\u043e\u0436\u043d\u043e \u0432\u0435\u0441\u0435\u043b\u0438\u0442\u044c\u0441\u044f \u043d\u0430 \u043f\u043b\u044f\u0436\u0435, \u0441\u0442\u0440\u043e\u0438\u0442\u044c \u043f\u0435\u0441\u0447\u0430\u043d\u044b\u0435 \u0437\u0430\u043c\u043a\u0438, \u043f\u043b\u0435\u0441\u043a\u0430\u0442\u044c\u0441\u044f \u0438 \u043f\u043b\u0430\u0432\u0430\u0442\u044c \u0432 \u0432\u043e\u0434\u0435, \u043a\u043e\u0442\u043e\u0440\u0430\u044f \u043b\u0435\u0433\u043a\u043e \u0434\u0435\u0440\u0436\u0438\u0442 \u0434\u0435\u0442\u0435\u0439. \u041e\u0442\u043b\u0438\u0447\u043d\u044b\u0435 \u0432\u043e\u0434\u043d\u044b\u0435 \u043f\u0440\u043e\u0433\u0443\u043b\u043a\u0438 \u043d\u0430 \u043a\u0430\u0442\u0435\u0440\u0430\u0445, \u043a\u043e\u0440\u0430\u0431\u043b\u0438\u043a\u0430\u0445 \u0441 \u0432\u043e\u0437\u043c\u043e\u0436\u043d\u043e\u0441\u0442\u044c\u044e \u043f\u043e\u043f\u043b\u0430\u0432\u0430\u0442\u044c \u0432 \u0447\u0438\u0441\u0442\u0435\u0439\u0448\u0435\u0439 \u0433\u043e\u043b\u0443\u0431\u043e\u0439 \u0432\u043e\u0434\u0435.\r\n\r\n\u0415\u0449\u0435 \u041a\u0438\u043f\u0440 - \u043e\u0447\u0435\u043d\u044c \u0438\u043d\u0442\u0435\u0440\u0435\u0441\u043d\u044b\u0439 \u043e\u0441\u0442\u0440\u043e\u0432 \u0441 \u0442\u043e\u0447\u043a\u0438 \u0437\u0440\u0435\u043d\u0438\u044f \u0438\u0441\u0442\u043e\u0440\u0438\u0438, \u0440\u0435\u043b\u0438\u0433\u0438\u0438, \u043f\u0440\u0438\u0440\u043e\u0434\u044b, \u043a\u043e\u0442\u043e\u0440\u0430\u044f \u0440\u0430\u0437\u043b\u0438\u0447\u0430\u0435\u0442\u0441\u044f \u0432 \u0437\u0430\u0432\u0438\u0441\u0438\u043c\u043e\u0441\u0442\u0438 \u043e\u0442 \u043d\u0430\u0445\u043e\u0436\u0434\u0435\u043d\u0438\u044f. \u0411\u043b\u0438\u0436\u0435 \u043a \u0421\u0435\u0432\u0435\u0440\u043d\u043e\u0439 \u0447\u0430\u0441\u0442\u0438 \u043e\u0441\u0442\u0440\u043e\u0432\u0430 \u043d\u0430\u0447\u0438\u043d\u0430\u044e\u0442\u0441\u044f \u0445\u043e\u043b\u043c\u044b \u0438 \u0433\u043e\u0440\u044b, \u0432 \u043a\u043e\u0442\u043e\u0440\u044b\u0445 \u0442\u0430\u043a\u0436\u0435 \u043c\u043e\u0436\u043d\u043e \u043f\u043e\u0441\u0435\u0442\u0438\u0442\u044c \u0440\u0430\u0437\u043b\u0438\u0447\u043d\u044b\u0435 \u0438\u043d\u0442\u0435\u0440\u0435\u0441\u043d\u044b\u0435 \u0438\u0441\u0442\u043e\u0440\u0438\u0447\u0435\u0441\u043a\u0438\u0435 \u043c\u0435\u0441\u0442\u0430 \u0438 \u0446\u0435\u0440\u043a\u0432\u0438 \u0438 \u0441\u043e\u0431\u043e\u0440\u044b.\r\n\r\n\u0422.\u043a. \u043e\u0441\u0442\u0440\u043e\u0432 \u043d\u0435 \u043e\u0447\u0435\u043d\u044c \u0431\u043e\u043b\u044c\u0448\u043e\u0439, \u0435\u0433\u043e \u043c\u043e\u0436\u043d\u043e \u043e\u0431\u044a\u0435\u0445\u0430\u0442\u044c \u043d\u0430 \u043c\u0430\u0448\u0438\u043d\u0435, \u0431\u043b\u0430\u0433\u043e \u0432 \u043f\u0440\u043e\u043a\u0430\u0442\u0435 \u043b\u0435\u0433\u043a\u043e \u0432\u0437\u044f\u0442\u044c \u043c\u0430\u0448\u0438\u043d\u0443. \u0415\u0434\u0438\u043d\u0441\u0442\u0432\u0435\u043d\u043d\u043e\u0435, \u043d\u0443\u0436\u043d\u043e \u043f\u0440\u0438\u0432\u044b\u043a\u043d\u0443\u0442\u044c \u043d\u0435\u043c\u043d\u043e\u0433\u043e \u043a \u043b\u0435\u0432\u043e\u0441\u0442\u043e\u0440\u043e\u043d\u043d\u0435\u043c\u0443 \u0434\u0432\u0438\u0436\u0435\u043d\u0438\u044e, \u043d\u0443 \u0438 \u0431\u044b\u0442\u044c \u0433\u043e\u0442\u043e\u0432\u044b\u043c \u043a \u043a\u0440\u0443\u0442\u044b\u043c \u0441\u0435\u0440\u043f\u0430\u043d\u0442\u0438\u043d\u0430\u043c, \u0435\u0441\u043b\u0438 \u0441\u043e\u0431\u0435\u0440\u0435\u0442\u0435\u0441\u044c \u0432 \u0433\u043e\u0440\u043d\u0443\u044e \u0447\u0430\u0441\u0442\u044c \u041a\u0438\u043f\u0440\u0430.\r\n\r\n\u0422\u0430\u043a\u0436\u0435 \u043e\u0447\u0435\u043d\u044c \u043d\u0440\u0430\u0432\u0438\u0442\u0441\u044f \u043a\u0443\u0445\u043d\u044f \u041a\u0438\u043f\u0440\u0430 \u0438 \u0432 \u0446\u0435\u043b\u043e\u043c \u0430\u0442\u043c\u043e\u0441\u0444\u0435\u0440\u0430 \u0438 \u043b\u044e\u0434\u0438 \u043d\u0430 \u043e\u0441\u0442\u0440\u043e\u0432\u0435. \u041c\u043d\u0435 \u043d\u0440\u0430\u0432\u0438\u0442\u0441\u044f \u0441\u0432\u044f\u0437\u044c \u043e\u0441\u0442\u0440\u043e\u0432\u0430 \u0441 \u0413\u0440\u0435\u0446\u0438\u0435\u0439.\r\n\r\n\u0412 \u0446\u0435\u043b\u043e\u043c \u043c\u043d\u0435 \u043e\u0447\u0435\u043d\u044c \u043d\u0440\u0430\u0432\u0438\u0442\u0441\u044f \u043f\u0443\u0442\u0435\u0448\u0435\u0441\u0442\u0432\u043e\u0432\u0430\u0442\u044c \u0442\u0443\u0434\u0430, \u043e\u0447\u0435\u043d\u044c \u0445\u043e\u0442\u0435\u043b\u043e\u0441\u044c \u0431\u044b \u043f\u043e\u043f\u0430\u0441\u0442\u044c \u0442\u0443\u0434\u0430 \u0441\u043d\u043e\u0432\u0430.", "pub_date": "2022-05-29T20:36:31.287Z", "author": 3, "group": 3, "image": "posts/2021-10-19_10.58.35.jpeg"}}, {"model": "posts.post", "pk": 64, "fields": {"text": "\u0421\u043e\u0433\u043b\u0430\u0448\u0443\u0441\u044c \u0431\u0435\u0437 \u043e\u0433\u043e\u0432\u043e\u0440\u043e\u043a, \u0447\u0442\u043e \u043f\u0443\u0442\u0435\u0448\u0435\u0441\u0442\u0432\u043e\u0432\u0430\u0442\u044c - \u044d\u0442\u043e \u0441\u0430\u043c\u043e\u0435 \u043a\u0440\u0443\u0442\u043e\u0435 \u0437\u0430\u043d\u044f\u0442\u0438\u0435!\r\n\u041a \u0441\u043e\u0436\u0430\u043b\u0435\u043d\u0438\u044e, \u0430 \u043c\u043e\u0436\u0435\u0442 \u0438 \u043a \u0441\u0447\u0430\u0441\u0442\u044c\u044e (\u0435\u0441\u0442\u044c \u043a\u0443\u0434\u0430 \u0441\u0442\u0440\u0435\u043c\u0438\u0442\u044c\u0441\u044f!) \u0432\u043d\u0443\u0442\u0440\u0435\u043d\u043d\u0438\u0439 \u0442\u0443\u0440\u0438\u0437\u043c \u0432 \u0420\u043e\u0441\u0441\u0438\u0438 \u043e\u0447\u0435\u043d\u044c \u0441\u043b\u0430\u0431\u043e \u0440\u0430\u0437\u0432\u0438\u0442, \u043c\u043d\u043e\u0433\u0438\u0435 \u0432\u043e\u043e\u0431\u0449\u0435 \u043d\u0435 \u0438\u043c\u0435\u044e\u0442 \u043f\u0440\u0435\u0434\u0441\u0442\u0430\u0432\u043b\u0435\u043d\u0438\u044f \u043e \u0442\u043e\u043c, \u0447\u0442\u043e \u0443 \u043d\u0430\u0441 \u0442\u0430\u043a\u043e\u0435 \u043d\u0435\u0432\u0435\u0440\u043e\u044f\u0442\u043d\u043e\u0435 \u043a\u043e\u043b\u0438\u0447\u0435\u0441\u0442\u0432\u043e \u043c\u0435\u0441\u0442 \u0438 \u0434\u043e\u0441\u0442\u043e\u043f\u0440\u0438\u043c\u0435\u0447\u0430\u0442\u0430\u0435\u043b\u044c\u043d\u043e\u0441\u0442\u0435\u0439 \u043d\u0430 \u043d\u0435\u043e\u0431\u044a\u044f\u0442\u043d\u044b\u0445 \u043f\u0440\u043e\u0441\u0442\u043e\u0440\u0430\u0445, \u0447\u0442\u043e \u0437\u0430 \u0432\u0441\u044e, \u0434\u0430\u0436\u0435 \u043e\u0447\u0435\u043d\u044c \u0434\u043e\u043b\u0433\u0443\u044e \u0436\u0438\u0437\u043d\u044c, \u043d\u0435 \u043f\u043e\u0441\u0435\u0442\u0438\u0442\u044c.\r\n\u0427\u0430\u0441\u0442\u043e \u043c\u044b \u0434\u0430\u0436\u0435 \u043d\u0435 \u0437\u043d\u0430\u0435\u043c \u043e \u0442\u043e\u043c, \u0447\u0442\u043e \u0443 \u043d\u0430\u0441 \u0432 \u0440\u0430\u0434\u0438\u0443\u0441\u0435 30-50 \u043a\u0438\u043b\u043e\u043c\u0435\u0442\u0440\u043e\u0432 \u043d\u0430\u0445\u043e\u0434\u0438\u0442\u0441\u044f \u043c\u0430\u0441\u0441\u0430 \u043c\u0435\u0441\u0442, \u043a\u0443\u0434\u0430 \u0441\u0442\u043e\u0438\u0442 \u043d\u0430\u0432\u0435\u0434\u0430\u0442\u044c\u0441\u044f.\r\n\u041d\u0430\u043f\u0440\u0438\u043c\u0435\u0440, \u0441\u0442\u0430\u043d\u0438\u0446\u0430 \u0421\u0435\u0432\u0435\u0440\u0441\u043a\u0430\u044f, \u0447\u0442\u043e \u0432 30 \u043a\u043c \u043e\u0442 \u041a\u0440\u0430\u0441\u043d\u043e\u0434\u0430\u0440\u0430, \u0438\u043c\u0435\u0435\u0442 \u0438\u0441\u0442\u043e\u0440\u0438\u0447\u0435\u0441\u043a\u0438\u0439 \u043c\u0443\u0437\u0435\u0439 \u0441 \u0438\u043d\u0442\u0435\u0440\u0430\u043a\u0442\u0438\u0432\u043d\u044b\u043c\u0438 \u044d\u043a\u0441\u043f\u043e\u0437\u0438\u0446\u0438\u044f\u043c\u0438. \u0414\u0435\u0442\u0438 \u0438 \u0432\u0437\u0440\u043e\u0441\u043b\u044b\u0435 \u043c\u043e\u0433\u0443\u0442 \u043f\u0440\u0438\u043d\u044f\u0442\u044c \u0443\u0447\u0430\u0441\u0442\u0438\u0435 \u0432 \"\u0440\u0430\u0441\u043a\u043e\u043f\u043a\u0430\u0445\"! \u0410 \u0432 7 \u043a\u043c \u043e\u0442 \u0441\u0442\u0430\u043d\u0438\u0446\u044b \u043d\u0430\u0445\u043e\u0434\u0438\u0442\u0441\u044f \u0434\u0440\u0435\u0432\u043d\u0435\u0439\u0448\u0430\u044f \u0432 \u0415\u0432\u0440\u043e\u043f\u0435 \u0441\u0442\u043e\u044f\u043d\u043a\u0430 \u043f\u0435\u0440\u0432\u043e\u0431\u044b\u0442\u043d\u043e\u0433\u043e \u0447\u0435\u043b\u043e\u0432\u0435\u043a\u0430.", "pub_date": "2022-05-30T15:44:56.801Z", "author": 9, "group": 3, "image": ""}}, {"model": "posts.post", "pk": 65, "fields": {"text": "\u0414\u043e\u0431\u0430\u0432\u043b\u044e \u0435\u0449\u0435 \u043e\u0434\u0438\u043d \u043f\u043e\u0441\u0442. \u041f\u0440\u043e \u0442\u0435\u0445\u043d\u0438\u043a\u0443. \r\n\r\n\u041c\u0435\u043d\u044f, \u043a\u0430\u043a \u0443\u0432\u043b\u0435\u043a\u0430\u044e\u0449\u0435\u0433\u043e\u0441\u044f \u0447\u0435\u043b\u043e\u0432\u0435\u043a\u0430 \u0440\u0430\u0437\u043d\u043e\u0433\u043e \u0440\u043e\u0434\u0430 \u0442\u0435\u0445\u043d\u0438\u043a\u043e\u0439, \u0432\u0441\u0435\u0433\u0434\u0430 \u043f\u0440\u0438\u0442\u044f\u0433\u0438\u0432\u0430\u043b\u0438 \u0430\u0432\u0442\u043e\u043c\u043e\u0431\u0438\u043b\u0438, \u0438\u0445 \u0445\u0430\u0440\u0430\u043a\u0442\u0435\u0440\u0438\u0441\u0442\u0438\u043a\u0438, \u0434\u0438\u0437\u0430\u0439\u043d, \u0438\u0445 \u0440\u0435\u0430\u043b\u044c\u043d\u044b\u0435 \u0432\u043e\u0437\u043c\u043e\u0436\u043d\u043e\u0441\u0442\u0438 \u043d\u0430 \u0434\u043e\u0440\u043e\u0433\u0435. \u041c\u043d\u043e\u0433\u0438\u043c \u043c\u0430\u043b\u044c\u0447\u0438\u0448\u043a\u0430\u043c, \u0434\u0430 \u0438 \u0434\u0435\u0432\u0447\u043e\u043d\u043a\u0430\u043c \u0442\u043e\u0436\u0435, \u043d\u0440\u0430\u0432\u044f\u0442\u0441\u044f \u043a\u0440\u0430\u0441\u0438\u0432\u044b\u0435 \u0430\u0432\u0442\u043e\u043c\u043e\u0431\u0438\u043b\u0438. \r\n\u0410 \u0435\u0449\u0435 \u0438\u043d\u0442\u0435\u0440\u0435\u0441\u043d\u043e \u0443\u0437\u043d\u0430\u0442\u044c \u0440\u0430\u0437\u043d\u044b\u0435 \u0438\u0441\u0442\u043e\u0440\u0438\u0438 \u043f\u0440\u043e \u043d\u0438\u0445, \u043a\u0430\u043a\u0438\u0435 \u0430\u0432\u0442\u043e\u043c\u043e\u0431\u0438\u043b\u0438 \u0431\u044b\u043b\u0438 \u0440\u0430\u043d\u044c\u0448\u0435. \u041d\u043e \u0441\u0442\u0430\u0440\u0443\u044e \u0442\u0435\u0445\u043d\u0438\u043a\u0443 \u043d\u0430\u0439\u0442\u0438 \u043e\u0447\u0435\u043d\u044c \u0441\u043b\u043e\u0436\u043d\u043e, \u0430 \u0435\u0449\u0435 \u0441\u043b\u043e\u0436\u043d\u0435\u0435 \u0435\u0435 \u0432\u043e\u0441\u0441\u0442\u0430\u043d\u043e\u0432\u0438\u0442\u044c \u0438 \u0441\u043e\u0445\u0440\u0430\u043d\u0438\u0442\u044c. \r\n\r\n\u041d\u043e \u0431\u043b\u0430\u0433\u043e\u0434\u0430\u0440\u044f \u0443\u0432\u043b\u0435\u043a\u0430\u044e\u0449\u0438\u043c\u0441\u044f \u043b\u044e\u0434\u044f\u043c, \u0443 \u043d\u0430\u0441 \u0438 \u043d\u0430\u0448\u0438\u0445 \u0434\u0435\u0442\u0435\u0439 \u0441\u0435\u0439\u0447\u0430\u0441 \u0435\u0441\u0442\u044c \u0432\u043e\u0437\u043c\u043e\u0436\u043d\u043e\u0441\u0442\u044c \u043f\u043e\u0441\u0435\u0449\u0430\u0442\u044c \u043c\u0443\u0437\u0435\u0438, \u0432 \u043a\u043e\u0442\u043e\u0440\u044b\u0445 \u0441\u043e\u0431\u0440\u0430\u043d\u044b \u043e\u0447\u0435\u043d\u044c \u0440\u0435\u0434\u043a\u0438\u0435 \u0438 \u0441\u0442\u0430\u0440\u0438\u043d\u043d\u044b\u0435 \u0430\u0432\u0442\u043e. \u0418 \u043f\u043e \u043e\u043f\u044b\u0442\u0443 \u0441\u043a\u0430\u0436\u0443, \u0447\u0442\u043e \u0442\u0430\u043a\u0438\u0445 \u043c\u0443\u0437\u0435\u0435\u0432 \u0434\u043e\u0441\u0442\u0430\u0442\u043e\u0447\u043d\u043e \u043c\u043d\u043e\u0433\u043e \u0432 \u0440\u0430\u0437\u043d\u044b\u0445 \u0440\u0435\u0433\u0438\u043e\u043d\u0430\u0445. \u0412\u0441\u0435, \u043a\u043e\u0442\u043e\u0440\u044b\u0435 \u044f \u043f\u043e\u0441\u0435\u0449\u0430\u043b, \u043c\u043d\u0435 \u043e\u0447\u0435\u043d\u044c \u043f\u043e\u043d\u0440\u0430\u0432\u0438\u043b\u0438\u0441\u044c. \u0414\u0430 \u0438 \u0440\u0435\u0431\u0435\u043d\u043a\u0443 \u0442\u043e\u0436\u0435 :).\r\n\r\n\u041f\u0440\u0438\u0432\u0435\u0434\u0443 \u0440\u044f\u0434 \u043f\u0440\u0438\u043c\u0435\u0440\u043e\u0432 \u043c\u0443\u0437\u0435\u0435\u0432 \u0432 \u043c\u043e\u0441\u043a\u043e\u0432\u0441\u043a\u043e\u043c \u0440\u0435\u0433\u0438\u043e\u043d\u0435, \u0433\u0434\u0435 \u044f \u043b\u0438\u0447\u043d\u043e \u043f\u043e\u0431\u044b\u0432\u0430\u043b \u0438 \u043a\u043e\u0442\u043e\u0440\u044b\u0435 \u0440\u0435\u043a\u043e\u043c\u0435\u043d\u0434\u043e\u0432\u0430\u043b \u0431\u044b \u043f\u043e\u0441\u0435\u0442\u0438\u0442\u044c:\r\n1. https://automuseum.ru/ - \u0410\u0432\u0442\u043e\u043c\u043e\u0431\u0438\u043b\u0438 \u043c\u0438\u0440\u0430 \u0432 \u041c\u043e\u0441\u043a\u0432\u0435 (\u0444\u043e\u0442\u043e \u043a \u043f\u043e\u0441\u0442\u0443 \u043a\u0430\u043a \u0440\u0430\u0437 \u0438\u0437 \u044d\u0442\u043e\u0433\u043e \u043c\u0443\u0437\u0435\u044f). \u0417\u0434\u0435\u0441\u044c \u0431\u043e\u043b\u044c\u0448\u0430\u044f \u043a\u043e\u043b\u043b\u0435\u043a\u0446\u0438\u044f \u0440\u0435\u0442\u0440\u043e \u0430\u0432\u0442\u043e\u043c\u043e\u0431\u0438\u043b\u0435\u0439, \u0432\u043a\u043b\u044e\u0447\u0430\u044f \u043a\u0430\u043a \u0438\u043d\u043e\u0441\u0442\u0440\u0430\u043d\u043d\u044b\u0445 \u0431\u0440\u0435\u043d\u0434\u043e\u0432, \u0442\u0430\u043a \u0438 \u043e\u0442\u0435\u0447\u0435\u0441\u0442\u0432\u0435\u043d\u043d\u044b\u0445 \u043c\u0430\u0440\u043e\u043a. \u041c\u0443\u0437\u0435\u0439 \u043f\u043e\u0434 \u043a\u0440\u044b\u0448\u0435\u0439 \u043d\u0430 \u0442\u0435\u0440\u0440\u0438\u0442\u043e\u0440\u0438\u0438 \u0431\u044b\u0432\u0448\u0435\u0433\u043e \u0437\u0430\u0432\u043e\u0434\u0430 \"\u041a\u0440\u0438\u0441\u0442\u0430\u043b\u043b\". \u0410\u0432\u0442\u043e\u043c\u043e\u0431\u0438\u043b\u0438 \u0432\u0441\u0435 \u0432 \u043e\u0447\u0435\u043d\u044c \u0445\u043e\u0440\u043e\u0448\u0435\u043c \u0441\u043e\u0441\u0442\u043e\u044f\u043d\u0438\u0438, \u043c\u043d\u043e\u0433\u0438\u0435 \u0434\u0430\u0436\u0435 \u043f\u0435\u0440\u0435\u0434\u0432\u0438\u0433\u0430\u044e\u0442\u0441\u044f \u0441\u0432\u043e\u0438\u043c \u0445\u043e\u0434\u043e\u043c.\r\n\r\n2. https://avtokombinat.com/ - \u041c\u0443\u0437\u0435\u0439 \u0440\u0435\u0442\u0440\u043e\u0430\u0432\u0442\u043e\u043c\u043e\u0431\u0438\u043b\u0435\u0439, \u0432 \u043e\u0441\u043d\u043e\u0432\u043d\u043e\u043c \u0430\u043c\u0435\u0440\u0438\u043a\u0430\u043d\u0441\u043a\u0438\u0445 \u043c\u0430\u0440\u043e\u043a \u043f\u043e\u0434 \u043e\u0442\u043a\u0440\u044b\u0442\u044b\u043c \u043d\u0435\u0431\u043e\u043c (\u0447\u0430\u0441\u0442\u044c \u044d\u043a\u0441\u043f\u043e\u043d\u0430\u0442\u043e\u0432 \u0432 \u0430\u043d\u0433\u0430\u0440\u0435). \u041d\u0430\u0445\u043e\u0434\u0438\u0442\u0441\u044f \u0434\u0430\u043b\u0435\u043a\u043e\u0432\u0430\u0442\u043e \u043e\u0442 \u041c\u043e\u0441\u043a\u0432\u044b, \u043f\u0440\u0438\u043c\u0435\u0440\u043d\u043e \u0432 100 \u043a\u043c \u043f\u043e \u0442\u0440\u0430\u0441\u0441\u0435 \u041c1. \u041e\u0447\u0435\u043d\u044c \u043c\u043d\u043e\u0433\u043e \u0440\u0435\u0434\u043a\u0438\u0445 \u0438 \u043a\u0440\u0430\u0441\u0438\u0432\u044b\u0445 \u0430\u0432\u0442\u043e\u043c\u043e\u0431\u0438\u043b\u0435\u0439, \u043d\u043e \u043c\u043d\u043e\u0433\u0438\u0435 \u0442\u0440\u0435\u0431\u0443\u044e\u0442 \u0440\u0435\u0441\u0442\u0430\u0432\u0440\u0430\u0446\u0438\u0438. \u041e\u0442\u043b\u0438\u0447\u043d\u0430\u044f \u0430\u0442\u043c\u043e\u0441\u0444\u0435\u0440\u0430 \u0434\u043e\u043f\u043e\u043b\u043d\u044f\u0435\u0442\u0441\u044f \u0430\u043c\u0435\u0440\u0438\u043a\u0430\u043d\u0441\u043a\u043e\u0439 \u043c\u0443\u0437\u044b\u043a\u043e\u0439 \u0441\u0442\u0430\u0440\u044b\u0445 \u0432\u0440\u0435\u043c\u0435\u043d (\u043f\u0440\u044f\u043c\u043e \u0432\u043f\u0435\u0440\u0432\u044b\u0435 \u0436\u0438\u0437\u043d\u0438 \u043f\u043e\u044f\u0432\u0438\u043b\u043e\u0441\u044c \u0436\u0435\u043b\u0430\u043d\u0438\u0435 \u0441\u044a\u0435\u0437\u0434\u0438\u0442\u044c \u0432 \u0421\u0428\u0410). \u0414\u0435\u0442\u0435\u0439 \u0431\u043e\u043d\u0443\u0441\u043e\u043c \u043a\u0430\u0442\u0430\u044e\u0442 \u043d\u0430 \u043b\u0438\u043c\u0443\u0437\u0438\u043d\u0435 \u041a\u0430\u0434\u0438\u043b\u043b\u0430\u043a :)\r\n\r\n3. https://tmuseum.ru/ - \u041c\u0443\u0437\u0435\u0439 \u0442\u0435\u0445\u043d\u0438\u043a\u0438 \u0412\u0430\u0434\u0438\u043c\u0430 \u0417\u0430\u0434\u043e\u0440\u043e\u0436\u043d\u043e\u0433\u043e. \u041e\u0447\u0435\u043d\u044c \u043a\u043b\u0430\u0441\u0441\u043d\u044b\u0439 \u043c\u0443\u0437\u0435\u0439, \u043d\u0435 \u0442\u043e\u043b\u044c\u043a\u043e \u0430\u0432\u0442\u043e\u043c\u043e\u0431\u0438\u043b\u0435\u0439, \u043d\u043e \u0438 \u0434\u0440\u0443\u0433\u043e\u0439 \u0442\u0435\u0445\u043d\u0438\u043a\u0438, \u0432\u043a\u043b\u044e\u0447\u0430\u044f \u0432\u043e\u0435\u043d\u043d\u0443\u044e. \u041c\u0443\u0437\u0435\u0439 \u0438 \u043d\u0430 \u043e\u0442\u043a\u0440\u044b\u0442\u043e\u043c \u0432\u043e\u0437\u0434\u0443\u0445\u0435 (\u0432\u043e\u0435\u043d\u043d\u0430\u044f \u0442\u0435\u0445\u043d\u0438\u043a\u0430), \u0442\u0430\u043a \u0438 \u0432 \u043f\u043e\u043c\u0435\u0449\u0435\u043d\u0438\u0438 - \u0440\u0435\u0434\u043a\u0438\u0435 \u0440\u0435\u0442\u0440\u043e\u0430\u0432\u0442\u043e\u043c\u043e\u0431\u0438\u043b\u0438. \u0420\u0435\u043a\u043e\u043c\u0435\u043d\u0434\u0443\u044e \u0432\u0441\u0435\u043c, \u043a\u0442\u043e \u0443\u0432\u043b\u0435\u043a\u0430\u0435\u0442\u0441\u044f \u0440\u0430\u0437\u043d\u043e\u0439 \u0442\u0435\u0445\u043d\u0438\u043a\u043e\u0439. \u041c\u0443\u0437\u0435\u0439 \u043d\u0430\u0445\u043e\u0434\u0438\u0442\u0441\u044f \u0432 \u041c\u043e\u0441\u043a\u0432\u0435.\r\n\r\n\u0415\u0441\u043b\u0438 \u043a\u0442\u043e-\u0442\u043e \u0437\u043d\u0430\u0435\u0442 \u0445\u043e\u0440\u043e\u0448\u0438\u0435 \u043c\u0443\u0437\u0435\u0438, \u043a\u043e\u0442\u043e\u0440\u044b\u0435 \u043c\u043e\u0436\u043d\u043e \u043f\u043e\u0441\u0435\u0442\u0438\u0442\u044c, \u0434\u043e\u0431\u0430\u0432\u043b\u044f\u0439\u0442\u0435 \u0432 \u043a\u043e\u043c\u043c\u0435\u043d\u0442\u0430\u0440\u0438\u0438", "pub_date": "2022-06-08T18:39:54.045Z", "author": 3, "group": 5, "image": "posts/2022-04-30_15.08.38.jpeg"}}, {"model": "posts.comment", "pk": 12, "fields": {"post": 59, "author": 6, "text": "\u0421\u0435\u0440\u0451\u0436\u0430, \u043f\u043e\u0437\u0434\u0440\u0430\u0432\u043b\u044f\u044e \u0441 \u0434\u043e\u043b\u0433\u043e\u0436\u0434\u0430\u043d\u043d\u044b\u043c \u043e\u0442\u043a\u0440\u044b\u0442\u0438\u0435\u043c!!!\r\n\u0413\u043b\u0430\u0432\u043d\u043e\u0435 \u043d\u0430\u0447\u0430\u0442\u044c, \u0432\u0441\u0435\u043c\u0443 \u043e\u0441\u0442\u0430\u043b\u044c\u043d\u043e\u043c\u0443 \u043f\u043e\u0441\u0442\u0435\u043f\u0435\u043d\u043d\u043e \u043d\u0430\u0443\u0447\u0438\u0448\u044c\u0441\u044f :)", "created": "2022-05-29T20:38:42.231Z"}}, {"model": "posts.comment", "pk": 13, "fields": {"post": 59, "author": 3, "text": "\u041e\u043b\u044f, \u0441\u043f\u0430\u0441\u0438\u0431\u043e! \u0420\u0430\u0434 \u0441\u043b\u044b\u0448\u0430\u0442\u044c!", "created": "2022-05-29T20:50:11.762Z"}}, {"model": "posts.comment", "pk": 14, "fields": {"post": 61, "author": 10, "text": "\u041e\u0442\u043a\u0443\u0434\u0430 \u0431\u0435\u0440\u0451\u043c \u043a\u0430\u0440\u0442\u0438\u043d\u043a\u0438 \u0438 \u0432\u043e\u0437\u043c\u043e\u0436\u043d\u043e \u043b\u0438 \u043a\u043e\u043f\u0438\u0440\u043e\u0432\u0430\u043d\u0438\u0435 \u0441 \u0434\u0440\u0443\u0433\u0438\u0445 \u0441\u0430\u0439\u0442\u043e\u0432 \u043a\u0430\u0440\u0442\u0438\u043d\u043a\u0438/\u0442\u0435\u043a\u0441\u0442? \u041d\u0435 \u0443\u0442\u043e\u0447\u043d\u0438\u043b =)", "created": "2022-06-18T21:47:38.327Z"}}, {"model": "posts.comment", "pk": 15, "fields": {"post": 61, "author": 3, "text": "\u041a\u0430\u0440\u0442\u0438\u043d\u043a\u0438 - \u043b\u044e\u0431\u044b\u0435, \u0445\u043e\u0442\u044c \u0438\u0437 \u0438\u043d\u0442\u0435\u0440\u043d\u0435\u0442\u0430 (\u0438\u0437 \u0438\u043d\u0442\u0435\u0440\u043d\u0435\u0442\u0430 \u043f\u0440\u0435\u0434\u0432\u0430\u0440\u0438\u0442\u0435\u043b\u044c\u043d\u043e \u0441\u043a\u0430\u0447\u0430\u0442\u044c), \u0445\u043e\u0442\u044c \u0441 \u0442\u0435\u043b\u0435\u0444\u043e\u043d\u0430 \u0438\u043b\u0438 \u043a\u043e\u043c\u043f\u0430.", "created": "2022-06-19T06:20:35.445Z"}}, {"model": "posts.comment", "pk": 16, "fields": {"post": 61, "author": 3, "text": "\u0422\u0435\u043a\u0441\u0442 \u0442\u043e\u0436\u0435 \u043c\u043e\u0436\u043d\u043e \u043a\u043e\u043f\u0438\u0440\u043e\u0432\u0430\u0442\u044c, \u043d\u043e \u043d\u0430\u0432\u0435\u0440\u043d\u043e\u0435 \u0441\u0442\u043e\u0438\u0442 \u0443\u043f\u043e\u043c\u044f\u043d\u0443\u0442\u044c \u043e \u0442\u043e\u043c, \u0447\u0442\u043e \u044d\u0442\u043e \u0438\u043d\u0444\u043e\u0440\u043c\u0430\u0446\u0438\u044f \u0441 \u0434\u0440\u0443\u0433\u043e\u0433\u043e \u0441\u0430\u0439\u0442\u0430", "created": "2022-06-19T06:22:23.954Z"}}, {"model": "posts.comment", "pk": 17, "fields": {"post": 61, "author": 10, "text": "\u0410\u0432\u0442\u043e\u0440\u0441\u043a\u0438\u0435 \u043f\u0440\u0430\u0432\u0430 \u0440\u0430\u0441\u043f\u0440\u043e\u0441\u0442\u0440\u0430\u043d\u044f\u044e\u0442\u0441\u044f \u0438 \u043d\u0430 \u043a\u0430\u0440\u0442\u0438\u043d\u043a\u0438 =) \u044d\u0442\u043e\u0442 \u043c\u043e\u043c\u0435\u043d\u0442 \u043d\u0430\u0434\u043e \u0443\u0442\u043e\u0447\u043d\u0438\u0442\u044c. \u0421 \u0442\u0435\u043a\u0441\u0442\u043e\u043c \u043f\u043e\u043d\u044f\u0442\u043d\u043e.", "created": "2022-06-19T06:39:08.524Z"}}, {"model": "posts.comment", "pk": 18, "fields": {"post": 61, "author": 3, "text": "\u041d\u0430 \u0444\u043e\u0442\u043e \u0442\u043e\u0436\u0435 \u043c\u043e\u0436\u043d\u043e \u0442\u043e\u0433\u0434\u0430 \u043e\u0441\u0442\u0430\u0432\u043b\u044f\u0442\u044c \u043a\u043e\u043c\u043c\u0435\u043d\u0442, \u043e\u0442\u043a\u0443\u0434\u0430 \u0432\u0437\u044f\u0442\u043e", "created": "2022-06-19T08:03:35.116Z"}}, {"model": "posts.follow", "pk": 51, "fields": {"user": 8, "author": 3}}, {"model": "posts.follow", "pk": 52, "fields": {"user": 3, "author": 9}}, {"model": "posts.follow", "pk": 53, "fields": {"user": 3, "author": 10}}, {"model": "admin.logentry", "pk": 1, "fields": {"action_time": "2019-10-01T15:04:29.895Z", "user": 1, "content_type": 1, "object_id": "1", "object_repr": "Post object (1)", "action_flag": 1, "change_message": "[{\"added\": {}}]"}}, {"model": "admin.logentry", "pk": 2, "fields": {"action_time": "2019-10-05T18:27:05.802Z", "user": 1, "content_type": 1, "object_id": "1", "object_repr": "\u041f\u0440\u0438\u0432\u0435\u0442, \u044f \u0442\u0435\u043a\u0441\u0442!", "action_flag": 2, "change_message": "[{\"changed\": {\"fields\": [\"text\"]}}]"}}, {"model": "admin.logentry", "pk": 3, "fields": {"action_time": "2019-10-05T21:46:37.886Z", "user": 1, "content_type": 1, "object_id": "1", "object_repr": "\u041f\u0440\u0438\u0432\u0435\u0442, \u044f \u0442\u0435\u043a\u0441\u0442!", "action_flag": 3, "change_message": ""}}, {"model": "admin.logentry", "pk": 4, "fields": {"action_time": "2022-02-07T19:54:22.945Z", "user": 3, "content_type": 8, "object_id": "1", "object_repr": "Literature", "action_flag": 1, "change_message": "[{\"added\": {}}]"}}, {"model": "admin.logentry", "pk": 5, "fields": {"action_time": "2022-02-07T19:54:56.425Z", "user": 3, "content_type": 8, "object_id": "2", "object_repr": "cats", "action_flag": 1, "change_message": "[{\"added\": {}}]"}}, {"model": "admin.logentry", "pk": 6, "fields": {"action_time": "2022-02-07T20:04:39.908Z", "user": 3, "content_type": 8, "object_id": "1", "object_repr": "\u041b\u0438\u0442\u0435\u0440\u0430\u0442\u0443\u0440\u0430 - \u043a\u043b\u0430\u0441\u0441\u0438\u043a\u0430", "action_flag": 2, "change_message": "[{\"changed\": {\"fields\": [\"title\"]}}]"}}, {"model": "admin.logentry", "pk": 7, "fields": {"action_time": "2022-02-07T20:04:47.931Z", "user": 3, "content_type": 8, "object_id": "2", "object_repr": "\u041a\u043e\u0442\u044b", "action_flag": 2, "change_message": "[{\"changed\": {\"fields\": [\"title\"]}}]"}}, {"model": "admin.logentry", "pk": 8, "fields": {"action_time": "2022-02-07T20:19:30.110Z", "user": 3, "content_type": 8, "object_id": "1", "object_repr": "\u041b\u0438\u0442\u0435\u0440\u0430\u0442\u0443\u0440\u0430 - \u043a\u043b\u0430\u0441\u0441\u0438\u043a\u0430", "action_flag": 2, "change_message": "[]"}}, {"model": "admin.logentry", "pk": 9, "fields": {"action_time": "2022-02-07T20:20:05.843Z", "user": 3, "content_type": 1, "object_id": "37", "object_repr": "Post object (37)", "action_flag": 2, "change_message": "[{\"changed\": {\"fields\": [\"group\"]}}]"}}, {"model": "admin.logentry", "pk": 10, "fields": {"action_time": "2022-02-07T20:26:28.141Z", "user": 3, "content_type": 1, "object_id": "36", "object_repr": "Post object (36)", "action_flag": 2, "change_message": "[{\"changed\": {\"fields\": [\"group\"]}}]"}}, {"model": "admin.logentry", "pk": 11, "fields": {"action_time": "2022-02-07T20:52:46.884Z", "user": 3, "content_type": 1, "object_id": "34", "object_repr": "Post object (34)", "action_flag": 2, "change_message": "[{\"changed\": {\"fields\": [\"group\"]}}]"}}, {"model": "admin.logentry", "pk": 12, "fields": {"action_time": "2022-02-07T20:52:46.908Z", "user": 3, "content_type": 1, "object_id": "32", "object_repr": "Post object (32)", "action_flag": 2, "change_message": "[{\"changed\": {\"fields\": [\"group\"]}}]"}}, {"model": "admin.logentry", "pk": 13, "fields": {"action_time": "2022-02-07T20:52:46.924Z", "user": 3, "content_type": 1, "object_id": "30", "object_repr": "Post object (30)", "action_flag": 2, "change_message": "[{\"changed\": {\"fields\": [\"group\"]}}]"}}, {"model": "admin.logentry", "pk": 14, "fields": {"action_time": "2022-02-26T09:09:16.236Z", "user": 3, "content_type": 1, "object_id": "31", "object_repr": "\u0420\u0430\u043d\u043e \u0432\u044b\u0441\u0442\u0443\u043f\u0438\u043b\u0438 \u0438\u0437\u044a \u041a\u0443\u0440\u0435\u0448\u0442\u0438 \u0438 \u0432\u0441\u044e \u0434\u043e\u0440\u043e\u0433\u0443 \u044f \u0443\u0436\u0430\u0441\u043d\u043e \u043c\u0443\u0447\u0430\u043b\u0441\u044f, \u043a\u0430\u043a\u044a \u0444\u0438\u0437\u0438\u0447\u0435\u0441\u043a\u0438 \u2014 \u043b\u0438\u0446\u043e \u0443 \u043c\u0435\u043d\u044f \u0441\u0442\u0440\u0430\u0448\u043d\u043e \u0433\u043e\u0440\u0463\u043b\u043e \u0438 \u0432\u044b\u043c\u0435\u0442\u0430\u043b\u043e, \u2014 \u0442\u0430\u043a\u044a \u0438 \u043c\u043e\u0440\u0430\u043b\u044c\u043d\u043e. \u0422\u0430\u043a\u044a \u043d\u0430\u0437\u044b\u0432\u0430\u0435\u043c\u044b\u0435 \u0430\u0440\u0438\u0441\u0442\u043e\u043a\u0440\u0430\u0442\u044b \u0432\u043e\u0437\u0431\u0443\u0436\u0434\u0430\u044e\u0442\u044a \u0432\u043e \u043c\u043d\u0463 \u0437\u0430\u0432\u0438\u0441\u0442\u044c. \u042f \u043d\u0435\u0438\u0441\u043f\u0440\u0430\u0432\u0438", "action_flag": 2, "change_message": "[{\"changed\": {\"fields\": [\"group\"]}}]"}}, {"model": "admin.logentry", "pk": 15, "fields": {"action_time": "2022-02-26T09:09:16.236Z", "user": 3, "content_type": 1, "object_id": "29", "object_repr": "\u041d\u044b\u043d\u0447\u0435 \u0441\u044a \u0443\u0442\u0440\u0430 \u0445\u043e\u0434\u0438\u043b\u044a \u043e\u0431\u044a\u044f\u0441\u043d\u044f\u0442\u044c\u0441\u044f \u0438 \u044f\u0432\u043b\u044f\u0442\u044c\u0441\u044f \u043a\u044a \u043d\u0430\u0447\u0430\u043b\u044c\u0441\u0442\u0432\u0443. \u0412\u044b\u0448\u043b\u043e, \u0447\u0442\u043e \u041a\u0440\u044b\u0436\u0430\u043d\u043e\u0432\u0441\u043a\u0456\u0439 \u0441\u043a\u0430\u0437\u0430\u043b\u044a, \u0447\u0442\u043e\u0431\u044b \u044f \u0463\u0445\u0430\u043b\u044a \u0432\u044a \u0431\u0430\u0442\u0430\u0440\u0435\u044e. \u0422\u0438\u0448\u043a\u0435\u0432\u0438\u0447\u044a \u043d\u0430\u0441\u043f\u043b\u0435\u0442\u043d\u0438\u0447\u0430\u043b\u044a \u043c\u043d\u0463 \u044d\u0442\u043e, \u0438 \u044f \u0448\u0435\u043b\u044a \u043a\u044a \u041a\u0440\u044b\u0436[\u0430\u043d\u043e\u0432\u0441\u043a\u043e\u043c\u0443] \u0441\u044a \u0434\u0440\u043e\u0436\u0430\u0449\u0438\u043c\u0438 \u0433\u0443\u0431\u0430\u043c\u0438. ", "action_flag": 2, "change_message": "[{\"changed\": {\"fields\": [\"group\"]}}]"}}, {"model": "admin.logentry", "pk": 16, "fields": {"action_time": "2022-02-26T09:09:16.258Z", "user": 3, "content_type": 1, "object_id": "26", "object_repr": "\u0412\u0447\u0435\u0440\u0430 \u0443\u0442\u0440\u043e \u0447\u0438\u0442\u0430\u043b\u044a \u0438 \u0441\u0431\u0438\u0440\u0430\u043b[\u0441\u044f] \u043a\u044a \u043e\u0442\u044a\u0463\u0437\u0434\u0443. \u0412\u0435\u0447\u0435\u0440\u043e\u043c\u044a \u0432\u044b\u0463\u0445\u0430\u043b\u044a \u0441\u0430\u043c\u044b\u043c\u044a \u0431\u0435\u0437\u0430\u043b\u0430\u0431\u0435\u0440\u043d\u044b\u043c\u044a \u0438 \u043d\u0435\u0440\u0463\u0448\u0438\u0442\u0435\u043b\u044c\u043d\u044b\u043c\u044a \u043e\u0431\u0440\u0430\u0437\u043e\u043c\u044a \u0441\u044a \u041c\u0430\u043b\u044b\u0448\u0435\u0432\u044b\u043c\u044a \u0432\u044a \u041c\u0430\u0440\u0430-\u0414\u043e\u043c\u043d\u044f\u0441\u043a\u0430, \u0433\u0434\u0463 \u0438 \u043f\u0440\u043e\u0431\u044b\u043b\u044a \u043d\u044b\u043d\u0463\u0448\u043d\u0456\u0439 \u0434\u0435\u043d\u044c. \u0417\u0430 \u044d\u0442\u0438 \u043e\u0431\u0430 \u0434\u043d\u044f \u0443\u043f\u0440\u0435\u043a\u0430\u044e \u0441\u0435\u0431\u044f 1) \u0437", "action_flag": 2, "change_message": "[{\"changed\": {\"fields\": [\"group\"]}}]"}}, {"model": "admin.logentry", "pk": 17, "fields": {"action_time": "2022-02-26T09:09:16.267Z", "user": 3, "content_type": 1, "object_id": "23", "object_repr": "\u0420\u0430\u043d\u043e \u043d\u044b\u043d\u0447\u0435 \u0440\u0430\u0437\u0431\u0443\u0434\u0438\u043b\u044a \u043c\u0435\u043d\u044f \u0414\u043e\u043a\u0442\u043e\u0440\u044a, \u0438 \u0431\u043b\u0430\u0433\u043e\u0434\u0430\u0440\u044f \u044d\u0442\u043e\u043c\u0443 \u0441\u043b\u0443\u0447\u0430\u044e, \u044f \u043d\u0430\u043f\u0438\u0441\u0430\u043b\u044a \u0432\u044a \u0443\u0442\u0440\u043e \u0434\u043e\u0432\u043e\u043b\u044c\u043d\u043e \u043c\u043d\u043e\u0433\u043e \u2014 \u0432\u0441\u0435 \u043f\u0435\u0440\u0435\u0434\u0463\u043b\u044b\u0432\u0430\u043b\u044a \u0441\u0442\u0430\u0440\u043e\u0435 \u2014 \u043e\u043f\u0438\u0441\u0430\u043d\u0456\u0435 \u0441\u043e\u043b\u0434\u0430\u0442\u044a. \u2014 \u0412\u0435\u0447\u0435\u0440\u043e\u043c\u044a \u0442\u043e\u0436\u0435 \u043f\u043e\u043f\u0438\u0441\u0430\u043b\u044a \u043d\u0435\u043c\u043d\u043e\u0433\u043e \u0438 \u0447\u0438\u0442\u0430\u043b\u044a Verschw\u00f6rung von ", "action_flag": 2, "change_message": "[{\"changed\": {\"fields\": [\"group\"]}}]"}}, {"model": "admin.logentry", "pk": 18, "fields": {"action_time": "2022-02-26T09:09:16.276Z", "user": 3, "content_type": 1, "object_id": "22", "object_repr": "\u0423\u0442\u0440\u043e\u043c\u044a, \u043a\u0440\u043e\u043c\u0463 \u043e\u0431\u044b\u043a\u043d\u043e\u0432\u0435\u043d\u043d\u0430\u044f \u0447\u0442\u0435\u043d\u0456\u044f \u0413\u0451\u0442\u0435 \u0438 \u043f\u043e\u0434\u0432\u0435\u0440\u0442\u044b\u0432\u0430\u0432\u0448\u0438\u0445\u0441\u044f \u043a\u043d\u0438\u0436\u043e\u043d\u043e\u043a\u044a, \u043d\u0430\u043f\u0438\u0441\u0430\u043b\u044a \u0416\u0434\u0430\u043d\u043e\u0432\u0430, \u043d\u043e \u043d\u0430\u0441\u0447\u0435\u0442\u044a \u043b\u0438\u0447\u043d\u043e\u0441\u0442\u0438 \u0412\u0435\u043b\u0438\u043d\u0447\u0443\u043a\u0430 \u0432\u0441\u0435 \u0435\u0449\u0435 \u043d\u0435 \u0440\u0463\u0448\u0438\u043b\u0441\u044f. \u2014 \u041d\u044b\u043d\u0447\u0435 \u043e\u043f\u044f\u0442\u044c \u0440\u0463\u0437\u0430\u043b\u0438 \u043c\u043d\u0463 \u043f\u0430\u0445\u044a \u0438 \u043e\u043f\u044f\u0442\u044c \u044f \u043f\u0440\u0438\u043d\u0438\u043c\u0430\u043b\u044a \u043a\u043b\u043e\u0440\u043e\u0444\u043e\u0440\u043c\u044a. \u0412", "action_flag": 2, "change_message": "[{\"changed\": {\"fields\": [\"group\"]}}]"}}, {"model": "admin.logentry", "pk": 19, "fields": {"action_time": "2022-02-26T09:09:16.284Z", "user": 3, "content_type": 1, "object_id": "21", "object_repr": "\u041c\u043e\u044f \u043c\u043e\u043b\u0438\u0442\u0432\u0430. \u00ab\u0412\u0463\u0440\u0443\u044e \u0432\u043e \u0435\u0434\u0438\u043d\u0430\u0433\u043e \u0432\u0441\u0435\u043c\u043e\u0433\u0443\u0449\u0430\u0433\u043e \u0438 \u0434\u043e\u0431\u0440\u0430\u0433\u043e \u0411\u043e\u0433\u0430, \u0432\u044a \u0431\u0435\u0437\u0441\u043c\u0435\u0440\u0442\u0456\u0435 \u0434\u0443\u0448\u0438 \u0438 \u0432\u044a \u0432\u0463\u0447\u043d\u043e\u0435 \u0432\u043e\u0437\u043c\u0435\u0437\u0434\u0456\u0435 \u043f\u043e \u0434\u0463\u043b\u0430\u043c\u044a \u043d\u0430\u0448\u0438\u043c\u044a; \u0436\u0435\u043b\u0430\u044e \u0432\u0463\u0440\u043e\u0432\u0430\u0442\u044c \u0432\u044a \u0440\u0435\u043b\u0438\u0433\u0456\u044e \u043e\u0442\u0446\u043e\u0432\u044a \u043c\u043e\u0438\u0445\u044a \u0438 \u0443\u0432\u0430\u0436\u0430\u044e \u0435\u0435\u00bb. \u2014\u2014\n\n\u00ab\u041e\u0442\u0447\u0435 \u043d\u0430\u0448\u044a\u00bb \u0438 \u0442. \u0434. \u00ab\u0417\u0430 \u0443", "action_flag": 2, "change_message": "[{\"changed\": {\"fields\": [\"group\"]}}]"}}, {"model": "admin.logentry", "pk": 20, "fields": {"action_time": "2022-02-26T09:09:16.292Z", "user": 3, "content_type": 1, "object_id": "19", "object_repr": "\u0423\u0442\u0440\u043e\u043c\u044a \u041e\u043b\u0445\u0438\u043d\u044a \u043f\u0440\u0438\u0448\u0435\u043b\u044a \u043c\u043d\u0463 \u043e\u0431\u044a\u044f\u0432\u0438\u0442\u044c, \u0447\u0442\u043e \u043e\u043d\u044a \u0463\u0434\u0435\u0442\u044a \u0432\u044a \u041b\u0435\u043e\u0432\u043e, \u0438 \u0445\u043e\u0442\u0463\u043b\u044a \u043f\u043e\u0440\u0443\u0447\u0438\u0442\u044c \u0441\u0432\u043e\u0438\u0445\u044a \u043b\u043e\u0448\u0430\u0434\u0435\u0439 \u0438 \u0432\u0435\u0449\u0438, \u043e\u0442\u044a \u0447\u0435\u0433\u043e \u044f \u043d\u0435\u0432\u043e\u043b\u044c\u043d\u043e \u043e\u0442\u0434\u0463\u043b\u0430\u043b\u0441\u044f, \u0441\u043a\u0430\u0437\u0430\u0432\u044a \u0435\u043c\u0443, \u0447\u0442\u043e \u0443 \u043c\u0435\u043d\u044f \u043d\u0463\u0442\u044a \u0434\u0435\u043d\u0435\u0433\u044a. \u2014 \u0412\u044a \u0441\u0430\u043c\u043e\u043c\u044a \u0434\u0463\u043b\u0463 \u044f \u043e\u043f\u044f\u0442\u044c \u0432\u044a \u0441\u0430\u043c", "action_flag": 2, "change_message": "[{\"changed\": {\"fields\": [\"group\"]}}]"}}, {"model": "admin.logentry", "pk": 21, "fields": {"action_time": "2022-02-26T09:09:16.302Z", "user": 3, "content_type": 1, "object_id": "14", "object_repr": "\u0421\u043a\u0440\u043e\u043c\u043d\u043e\u0441\u0442\u0438 \u0443 \u043c\u0435\u043d\u044f \u043d\u0463\u0442\u044a! \u0432\u043e\u0442\u044a \u043c\u043e\u0439 \u0431\u043e\u043b\u044c\u0448\u043e\u0439 \u043d\u0435\u0434\u043e\u0441\u0442\u0430\u0442\u043e\u043a\u044a. \u2014\n\n\u0427\u0442\u043e \u044f \u0442\u0430\u043a\u043e\u0435? \u041e\u0434\u0438\u043d\u044a \u0438\u0437\u044a 4-\u0445\u044a \u0441\u044b\u043d\u043e\u0432\u0435\u0439 \u043e\u0442\u0441\u0442\u0430\u0432\u043d\u0430\u0433\u043e \u041f\u043e\u0434\u043f\u043e\u043b\u043a\u043e\u0432\u043d\u0438\u043a\u0430, \u043e\u0441\u0442\u0430\u0432\u0448\u0456\u0439\u0441\u044f \u0441\u044a 7 \u043b\u0463\u0442\u043d\u044f\u0433\u043e \u0432\u043e\u0437\u0440\u0430\u0441\u0442\u0430 \u0431\u0435\u0437\u044a \u0440\u043e\u0434\u0438\u0442\u0435\u043b\u0435\u0439 \u043f\u043e\u0434\u044a \u043e\u043f\u0435\u043a\u043e\u0439 \u0436\u0435\u043d\u0449\u0438\u043d\u044a \u0438 \u043f\u043e\u0441\u0442\u043e\u0440\u043e\u043d\u043d\u0438\u0445", "action_flag": 2, "change_message": "[{\"changed\": {\"fields\": [\"group\"]}}]"}}, {"model": "admin.logentry", "pk": 22, "fields": {"action_time": "2022-03-07T12:31:46.726Z", "user": 3, "content_type": 5, "object_id": "3", "object_repr": "bassd", "action_flag": 2, "change_message": "[{\"changed\": {\"fields\": [\"first_name\", \"last_name\"]}}]"}}, {"model": "admin.logentry", "pk": 23, "fields": {"action_time": "2022-03-13T16:07:52.051Z", "user": 3, "content_type": 1, "object_id": "43", "object_repr": "\u041d\u043e\u0432\u044b\u0439 \u043f\u043e\u0441\u0442 \u0434\u043b\u044f \u0442\u0435\u0441\u0442\u0438\u0440\u043e\u0432\u0430\u043d\u0438\u044f. \u0442\u0435\u0441\u0442 yjdsq", "action_flag": 2, "change_message": "[{\"changed\": {\"fields\": [\"author\"]}}]"}}, {"model": "admin.logentry", "pk": 24, "fields": {"action_time": "2022-03-13T16:14:00.150Z", "user": 3, "content_type": 1, "object_id": "40", "object_repr": "\u0418\u0441\u043f\u043e\u043b\u043d\u0438\u0442\u0435\u043b\u044c (artist), \u0442\u0435\u043a\u0441\u0442\u043e\u0432\u0430\u044f \u0441\u0442\u0440\u043e\u043a\u0430, \u043d\u0435 \u0431\u043e\u043b\u0435\u0435 40 \u0441\u0438\u043c\u0432\u043e\u043b\u043e\u0432.\r\n\u0416\u0430\u043d\u0440 (genre), \u043f\u043e\u043b\u0435 \u0432\u044b\u0431\u043e\u0440\u0430 \u0438\u0437 \u043f\u0440\u0435\u0434\u0443\u0441\u0442\u0430\u043d\u043e\u0432\u043b\u0435\u043d\u043d\u044b\u0445 \u0437\u043d\u0430\u0447\u0435\u043d\u0438\u0439.\r\n\u0421\u0442\u043e\u0438\u043c\u043e\u0441\u0442\u044c (price), \u0447\u0438\u0441\u043b\u043e\u0432\u043e\u0435 \u043f\u043e\u043b\u0435, \u0434\u0435\u0441\u044f\u0442\u0438\u0447\u043d\u044b\u0435 \u0447\u0438\u0441\u043b\u0430; \u043d\u0435\u043e\u0431\u044f\u0437\u0430\u0442\u0435\u043b\u044c\u043d\u043e\u0435.\r\n\u041a\u043e\u043c\u043c\u0435\u043d\u0442\u0430\u0440\u0438", "action_flag": 2, "change_message": "[{\"changed\": {\"fields\": [\"text\", \"author\"]}}]"}}, {"model": "admin.logentry", "pk": 25, "fields": {"action_time": "2022-03-13T16:15:10.699Z", "user": 3, "content_type": 1, "object_id": "34", "object_repr": "\u0421 \u0432\u044b\u0445\u043e\u0434\u043e\u043c \u043c\u043e\u0434\u0435\u043b\u0438 iPhone 12 \u043f\u0440\u043e\u0438\u0437\u0432\u043e\u0434\u0438\u0442\u0435\u043b\u044c \u0442\u0435\u0445\u043d\u0438\u043a\u0438 Apple \u043f\u0435\u0440\u0435\u0441\u0442\u0430\u043b \u043f\u0440\u043e\u0434\u0430\u0432\u0430\u0442\u044c \u0432 \u043a\u043e\u043c\u043f\u043b\u0435\u043a\u0442\u0435 \u0441\u043e \u0441\u043c\u0430\u0440\u0442\u0444\u043e\u043d\u0430\u043c\u0438 \u0430\u0434\u0430\u043f\u0442\u0435\u0440\u044b \u043f\u0438\u0442\u0430\u043d\u0438\u044f \u0438 \u043d\u0430\u0443\u0448\u043d\u0438\u043a\u0438", "action_flag": 2, "change_message": "[{\"changed\": {\"fields\": [\"text\", \"author\"]}}]"}}, {"model": "admin.logentry", "pk": 26, "fields": {"action_time": "2022-03-13T16:31:50.109Z", "user": 3, "content_type": 1, "object_id": "24", "object_repr": "\u041d\u0430 Android \u043f\u043e\u044f\u0432\u0438\u043b\u0441\u044f \u043d\u043e\u0432\u044b\u0439 \u043f\u043e\u043b\u0443\u043f\u0440\u043e\u0437\u0440\u0430\u0447\u043d\u044b\u0439 \u0438\u043d\u0442\u0435\u0440\u0444\u0435\u0439\u0441, \u0438 \u0442\u0435\u043f\u0435\u0440\u044c \u0432 \u043d\u043e\u0447\u043d\u043e\u043c \u0440\u0435\u0436\u0438\u043c\u0435 \u0444\u043e\u043d, \u0441\u0442\u0438\u043a\u0435\u0440\u044b \u0438 \u043c\u0443\u043b\u044c\u0442\u0438\u043c\u0435\u0434\u0438\u0430 \u043f\u0440\u043e\u0441\u0432\u0435\u0447\u0438\u0432\u0430\u044e\u0442 \u043f\u0440\u0438 \u043f\u0440\u043e\u043b\u0438\u0441\u0442\u044b\u0432\u0430\u043d\u0438\u0438 \u0438\u0441\u0442\u043e\u0440\u0438\u0438 \u0447\u0430\u0442\u043e\u0432.", "action_flag": 2, "change_message": "[{\"changed\": {\"fields\": [\"text\", \"author\"]}}]"}}, {"model": "admin.logentry", "pk": 27, "fields": {"action_time": "2022-03-17T16:52:53.639Z", "user": 3, "content_type": 1, "object_id": "38", "object_repr": "\u041c\u044b \u0434\u043e\u043f\u043e\u043b\u043d\u0438\u0442\u0435\u043b\u044c\u043d\u043e \u043e\u0431\u044a\u044f\u0432\u043b\u044f\u0435\u043c \u043d\u0435\u0441\u043a\u043e\u043b\u044c\u043a\u043e \u043d\u043e\u0432\u044b\u0445 \u0442\u0438\u043f\u043e\u0432 \u043f\u043e\u043b\u0435\u0439:\r\n\r\nUUIDField \u0438\u0441\u043f\u043e\u043b\u044c\u0437\u0443\u0435\u0442\u0441\u044f \u0434\u043b\u044f \u043f\u043e\u043b\u044f id, \u0447\u0442\u043e\u0431\u044b \u0443\u0441\u0442\u0430\u043d\u043e\u0432\u0438\u0442\u044c \u0435\u0433\u043e \u043a\u0430\u043a primary_key \u0434\u043b\u044f \u044d\u0442\u043e\u0439 \u043c\u043e\u0434\u0435\u043b\u0438. \u042d\u0442\u043e\u0442 \u0442\u0438\u043f \u043f\u043e\u043b\u044f \u0432\u044b\u0434\u0435\u043b\u044f\u0435\u0442 \u0433\u043b\u043e\u0431\u0430\u043b\u044c\u043d\u043e\u0435 \u0443\u043d\u0438\u043a\u0430\u043b\u044c\u043d\u043e\u0435 \u0437\u043d\u0430\u0447\u0435\u043d", "action_flag": 2, "change_message": "[{\"changed\": {\"fields\": [\"text\"]}}]"}}, {"model": "admin.logentry", "pk": 28, "fields": {"action_time": "2022-05-17T10:31:13.883Z", "user": 3, "content_type": 1, "object_id": "55", "object_repr": "\u0412\u043e\u0442 \u0442\u0430\u043a\u0438\u0435 \u043f\u043e\u0435\u0437\u0434", "action_flag": 3, "change_message": ""}}, {"model": "admin.logentry", "pk": 29, "fields": {"action_time": "2022-05-29T18:56:27.398Z", "user": 3, "content_type": 1, "object_id": "58", "object_repr": "\u0414\u043e\u0431\u0430\u0432\u0438\u043c \u0441\u0435\u0431\u0435 \u043d\u043e\u0432\u044b\u0439 \u043f\u043e\u0441\u0442 \u0434\u043b\u044f \u0441\u0442", "action_flag": 3, "change_message": ""}}, {"model": "admin.logentry", "pk": 30, "fields": {"action_time": "2022-05-29T18:56:27.423Z", "user": 3, "content_type": 1, "object_id": "57", "object_repr": "\u0415\u0449\u0435 \u043e\u0434\u0438\u043d \u043f\u043e\u0441\u0442", "action_flag": 3, "change_message": ""}}, {"model": "admin.logentry", "pk": 31, "fields": {"action_time": "2022-05-29T18:56:27.442Z", "user": 3, "content_type": 1, "object_id": "56", "object_repr": "\u041d\u043e\u0432\u044b\u0439 \u043f\u043e\u0441\u0442", "action_flag": 3, "change_message": ""}}, {"model": "admin.logentry", "pk": 32, "fields": {"action_time": "2022-05-29T18:56:27.462Z", "user": 3, "content_type": 1, "object_id": "54", "object_repr": "\u041d\u043e\u0432\u044b\u0439 \u0442\u0435\u0441\u0442\u043e\u0432\u044b\u0439 \u043f\u043e\u0441\u0442", "action_flag": 3, "change_message": ""}}, {"model": "admin.logentry", "pk": 33, "fields": {"action_time": "2022-05-29T18:56:27.483Z", "user": 3, "content_type": 1, "object_id": "53", "object_repr": "\u043d\u043e\u0432\u044b\u0439 \u043f\u043e\u0441\u0442. \u041e\u0431\u043d\u043e\u0432\u043b\u0435\u043d. \u0415\u0449\u0435 \u0440\u0430\u0437", "action_flag": 3, "change_message": ""}}, {"model": "admin.logentry", "pk": 34, "fields": {"action_time": "2022-05-29T18:56:27.502Z", "user": 3, "content_type": 1, "object_id": "52", "object_repr": "\u0421\u043a\u043e\u0440\u0435\u0435 \u0431\u044b \u043f\u0438\u0441\u0430\u0442\u044c \u0430\u0432\u0442\u043e\u0442\u0435\u0441\u0442\u044b!", "action_flag": 3, "change_message": ""}}, {"model": "admin.logentry", "pk": 35, "fields": {"action_time": "2022-05-29T18:56:27.524Z", "user": 3, "content_type": 1, "object_id": "51", "object_repr": "\u042f \u043b\u044e\u0431\u043b\u044e \u043c\u0430\u043d\u0443\u0430\u043b\u044c\u043d\u043e\u0435 \u0442\u0435\u0441\u0442\u0438\u0440\u043e\u0432\u0430\u043d\u0438", "action_flag": 3, "change_message": ""}}, {"model": "admin.logentry", "pk": 36, "fields": {"action_time": "2022-05-29T18:56:27.545Z", "user": 3, "content_type": 1, "object_id": "50", "object_repr": "\u0410 \u0432\u043e\u0442 \u0438 \u043d\u043e\u0432\u044b\u0439 \u0442\u0435\u043a\u0441\u0442", "action_flag": 3, "change_message": ""}}, {"model": "admin.logentry", "pk": 37, "fields": {"action_time": "2022-05-29T18:56:27.566Z", "user": 3, "content_type": 1, "object_id": "49", "object_repr": "\u0415\u0449\u0435 \u043e\u0434\u0438\u043d \u043f\u043e\u0441\u0442. \u0420\u0430\u0437 \u0434\u0432\u0430. \u0418 \u0435\u0449\u0435 ", "action_flag": 3, "change_message": ""}}, {"model": "admin.logentry", "pk": 38, "fields": {"action_time": "2022-05-29T18:56:27.587Z", "user": 3, "content_type": 1, "object_id": "48", "object_repr": "\u041d\u043e\u0432\u044b\u0439 \u0442\u0435\u0441\u0442\u043e\u0432\u044b\u0439 \u043f\u043e\u0441\u0442. \u041f\u043b\u044e\u0441 \u043f\u0440\u0430\u0432", "action_flag": 3, "change_message": ""}}, {"model": "admin.logentry", "pk": 39, "fields": {"action_time": "2022-05-29T18:56:27.610Z", "user": 3, "content_type": 1, "object_id": "47", "object_repr": "\u041d\u043e\u0432\u044b\u0435 \u0441\u043e\u043e\u0431\u0440\u0430\u0436\u0435\u043d\u0438\u044f. \u041e\u0431\u043d\u043e\u0432\u043b\u0435\u043d\u0438\u0435 ", "action_flag": 3, "change_message": ""}}, {"model": "admin.logentry", "pk": 40, "fields": {"action_time": "2022-05-29T18:56:27.633Z", "user": 3, "content_type": 1, "object_id": "46", "object_repr": "\u041d\u043e\u0432\u0430\u044f \u0442\u0435\u043c\u0430", "action_flag": 3, "change_message": ""}}, {"model": "admin.logentry", "pk": 41, "fields": {"action_time": "2022-05-29T18:56:27.652Z", "user": 3, "content_type": 1, "object_id": "45", "object_repr": "\u0422\u0435\u043f\u0435\u0440\u044c \u0432 Telegram \u043c\u043e\u0436\u043d\u043e \u0434\u0435\u043b\u0438\u0442\u044c", "action_flag": 3, "change_message": ""}}, {"model": "admin.logentry", "pk": 42, "fields": {"action_time": "2022-05-29T18:56:27.669Z", "user": 3, "content_type": 1, "object_id": "44", "object_repr": "\u0427\u0442\u043e\u0431\u044b \u0441\u043e\u0445\u0440\u0430\u043d\u0438\u0442\u044c \u0441\u0443\u0449\u0435\u0441\u0442\u0432\u0443\u044e\u0449\u0438\u0445 \u043f", "action_flag": 3, "change_message": ""}}, {"model": "admin.logentry", "pk": 43, "fields": {"action_time": "2022-05-29T18:56:27.690Z", "user": 3, "content_type": 1, "object_id": "43", "object_repr": "\u041d\u043e\u0432\u044b\u0439 \u043f\u043e\u0441\u0442 \u0434\u043b\u044f \u0442\u0435\u0441\u0442\u0438\u0440\u043e\u0432\u0430\u043d\u0438\u044f. \u0442", "action_flag": 3, "change_message": ""}}, {"model": "admin.logentry", "pk": 44, "fields": {"action_time": "2022-05-29T18:56:27.713Z", "user": 3, "content_type": 1, "object_id": "42", "object_repr": "\u041e\u0447\u0435\u0440\u0435\u0434\u043d\u0430\u044f \u0442\u0435\u043c\u0430 \u043d\u043e\u0432\u043e\u0433\u043e \u0441\u043e\u043e\u0431\u0449\u0435\u043d\u0438", "action_flag": 3, "change_message": ""}}, {"model": "admin.logentry", "pk": 45, "fields": {"action_time": "2022-05-29T18:56:27.742Z", "user": 3, "content_type": 1, "object_id": "41", "object_repr": "\u041d\u043e\u0432\u044b\u0439 \u043f\u043e\u0441\u0442 \u0434\u043b\u044f \u0442\u0435\u0441\u0442\u0438\u0440\u043e\u0432\u0430\u043d\u0438\u044f. \u0422", "action_flag": 3, "change_message": ""}}, {"model": "admin.logentry", "pk": 46, "fields": {"action_time": "2022-05-29T18:56:27.764Z", "user": 3, "content_type": 1, "object_id": "40", "object_repr": "\u0418\u0441\u043f\u043e\u043b\u043d\u0438\u0442\u0435\u043b\u044c (artist), \u0442\u0435\u043a\u0441\u0442\u043e\u0432\u0430", "action_flag": 3, "change_message": ""}}, {"model": "admin.logentry", "pk": 47, "fields": {"action_time": "2022-05-29T18:56:27.789Z", "user": 3, "content_type": 1, "object_id": "39", "object_repr": "VK \u0437\u0430\u043f\u0443\u0441\u0442\u0438\u043b \u043d\u0430\u043f\u0440\u0430\u0432\u043b\u0435\u043d\u0438\u0435 \u043f\u043e\u0434\u0434\u0435\u0440", "action_flag": 3, "change_message": ""}}, {"model": "admin.logentry", "pk": 48, "fields": {"action_time": "2022-05-29T18:56:27.810Z", "user": 3, "content_type": 1, "object_id": "38", "object_repr": "\u041c\u044b \u0434\u043e\u043f\u043e\u043b\u043d\u0438\u0442\u0435\u043b\u044c\u043d\u043e \u043e\u0431\u044a\u044f\u0432\u043b\u044f\u0435\u043c \u043d\u0435\u0441", "action_flag": 3, "change_message": ""}}, {"model": "admin.logentry", "pk": 49, "fields": {"action_time": "2022-05-29T18:56:27.827Z", "user": 3, "content_type": 1, "object_id": "37", "object_repr": "\u041d\u043e\u0432\u044b\u0439 \u043f\u043e\u0441\u0442 \u0434\u043b\u044f \u0442\u0435\u0441\u0442\u0438\u0440\u043e\u0432\u0430\u043d\u0438\u044f. \u0442", "action_flag": 3, "change_message": ""}}, {"model": "admin.logentry", "pk": 50, "fields": {"action_time": "2022-05-29T18:56:27.850Z", "user": 3, "content_type": 1, "object_id": "36", "object_repr": "\u041d\u043e\u0432\u044b\u0439 \u043f\u043e\u0441\u0442 \u0434\u043b\u044f \u0442\u0435\u0441\u0442\u0438\u0440\u043e\u0432\u0430\u043d\u0438\u044f. \u0442", "action_flag": 3, "change_message": ""}}, {"model": "admin.logentry", "pk": 51, "fields": {"action_time": "2022-05-29T18:56:27.870Z", "user": 3, "content_type": 1, "object_id": "35", "object_repr": "\u041d\u043e\u0432\u044b\u0439 \u043f\u043e\u0441\u0442 \u0434\u043b\u044f \u0442\u0435\u0441\u0442\u0438\u0440\u043e\u0432\u0430\u043d\u0438\u044f. \u0442", "action_flag": 3, "change_message": ""}}, {"model": "admin.logentry", "pk": 52, "fields": {"action_time": "2022-05-29T18:56:27.889Z", "user": 3, "content_type": 1, "object_id": "34", "object_repr": "\u0421 \u0432\u044b\u0445\u043e\u0434\u043e\u043c \u043c\u043e\u0434\u0435\u043b\u0438 iPhone 12 \u043f\u0440\u043e", "action_flag": 3, "change_message": ""}}, {"model": "admin.logentry", "pk": 53, "fields": {"action_time": "2022-05-29T18:56:27.925Z", "user": 3, "content_type": 1, "object_id": "33", "object_repr": "\u041d\u043e\u0432\u044b\u0439 \u043f\u043e\u0441\u0442 \u0434\u043b\u044f \u0442\u0435\u0441\u0442\u0438\u0440\u043e\u0432\u0430\u043d\u0438\u044f. \u0442", "action_flag": 3, "change_message": ""}}, {"model": "admin.logentry", "pk": 54, "fields": {"action_time": "2022-05-29T18:56:27.948Z", "user": 3, "content_type": 1, "object_id": "32", "object_repr": "\u041d\u043e\u0432\u044b\u0439 \u043f\u043e\u0441\u0442 \u0434\u043b\u044f \u0442\u0435\u0441\u0442\u0438\u0440\u043e\u0432\u0430\u043d\u0438\u044f. \u0442", "action_flag": 3, "change_message": ""}}, {"model": "admin.logentry", "pk": 55, "fields": {"action_time": "2022-05-29T18:56:27.968Z", "user": 3, "content_type": 1, "object_id": "31", "object_repr": "\u041d\u043e\u0432\u044b\u0439 \u043f\u043e\u0441\u0442 \u0434\u043b\u044f \u0442\u0435\u0441\u0442\u0438\u0440\u043e\u0432\u0430\u043d\u0438\u044f. \u0442", "action_flag": 3, "change_message": ""}}, {"model": "admin.logentry", "pk": 56, "fields": {"action_time": "2022-05-29T18:56:27.988Z", "user": 3, "content_type": 1, "object_id": "30", "object_repr": "\u041d\u043e\u0432\u044b\u0439 \u043f\u043e\u0441\u0442 \u0434\u043b\u044f \u0442\u0435\u0441\u0442\u0438\u0440\u043e\u0432\u0430\u043d\u0438\u044f. \u0442", "action_flag": 3, "change_message": ""}}, {"model": "admin.logentry", "pk": 57, "fields": {"action_time": "2022-05-29T18:56:28.006Z", "user": 3, "content_type": 1, "object_id": "29", "object_repr": "\u041d\u043e\u0432\u044b\u0439 \u043f\u043e\u0441\u0442 \u0434\u043b\u044f \u0442\u0435\u0441\u0442\u0438\u0440\u043e\u0432\u0430\u043d\u0438\u044f. \u0442", "action_flag": 3, "change_message": ""}}, {"model": "admin.logentry", "pk": 58, "fields": {"action_time": "2022-05-29T18:56:28.027Z", "user": 3, "content_type": 1, "object_id": "28", "object_repr": "\u041d\u043e\u0432\u044b\u0439 \u043f\u043e\u0441\u0442 \u0434\u043b\u044f \u0442\u0435\u0441\u0442\u0438\u0440\u043e\u0432\u0430\u043d\u0438\u044f. \u0442", "action_flag": 3, "change_message": ""}}, {"model": "admin.logentry", "pk": 59, "fields": {"action_time": "2022-05-29T18:56:28.046Z", "user": 3, "content_type": 1, "object_id": "27", "object_repr": "\u041d\u043e\u0432\u044b\u0439 \u043f\u043e\u0441\u0442 \u0434\u043b\u044f \u0442\u0435\u0441\u0442\u0438\u0440\u043e\u0432\u0430\u043d\u0438\u044f. \u0442", "action_flag": 3, "change_message": ""}}, {"model": "admin.logentry", "pk": 60, "fields": {"action_time": "2022-05-29T18:56:28.065Z", "user": 3, "content_type": 1, "object_id": "26", "object_repr": "\u041d\u043e\u0432\u044b\u0439 \u043f\u043e\u0441\u0442 \u0434\u043b\u044f \u0442\u0435\u0441\u0442\u0438\u0440\u043e\u0432\u0430\u043d\u0438\u044f. \u0442", "action_flag": 3, "change_message": ""}}, {"model": "admin.logentry", "pk": 61, "fields": {"action_time": "2022-05-29T18:56:28.082Z", "user": 3, "content_type": 1, "object_id": "25", "object_repr": "\u041d\u043e\u0432\u044b\u0439 \u043f\u043e\u0441\u0442 \u0434\u043b\u044f \u0442\u0435\u0441\u0442\u0438\u0440\u043e\u0432\u0430\u043d\u0438\u044f. \u0442", "action_flag": 3, "change_message": ""}}, {"model": "admin.logentry", "pk": 62, "fields": {"action_time": "2022-05-29T18:56:28.099Z", "user": 3, "content_type": 1, "object_id": "24", "object_repr": "\u041d\u0430 Android \u043f\u043e\u044f\u0432\u0438\u043b\u0441\u044f \u043d\u043e\u0432\u044b\u0439 \u043f\u043e\u043b\u0443", "action_flag": 3, "change_message": ""}}, {"model": "admin.logentry", "pk": 63, "fields": {"action_time": "2022-05-29T18:56:28.117Z", "user": 3, "content_type": 1, "object_id": "23", "object_repr": "\u041d\u043e\u0432\u044b\u0439 \u043f\u043e\u0441\u0442 \u0434\u043b\u044f \u0442\u0435\u0441\u0442\u0438\u0440\u043e\u0432\u0430\u043d\u0438\u044f. \u0442", "action_flag": 3, "change_message": ""}}, {"model": "admin.logentry", "pk": 64, "fields": {"action_time": "2022-05-29T18:56:28.135Z", "user": 3, "content_type": 1, "object_id": "22", "object_repr": "\u041d\u043e\u0432\u044b\u0439 \u043f\u043e\u0441\u0442 \u0434\u043b\u044f \u0442\u0435\u0441\u0442\u0438\u0440\u043e\u0432\u0430\u043d\u0438\u044f. \u0442", "action_flag": 3, "change_message": ""}}, {"model": "admin.logentry", "pk": 65, "fields": {"action_time": "2022-05-29T18:56:28.153Z", "user": 3, "content_type": 1, "object_id": "21", "object_repr": "\u041d\u043e\u0432\u044b\u0439 \u043f\u043e\u0441\u0442 \u0434\u043b\u044f \u0442\u0435\u0441\u0442\u0438\u0440\u043e\u0432\u0430\u043d\u0438\u044f. \u0442", "action_flag": 3, "change_message": ""}}, {"model": "admin.logentry", "pk": 66, "fields": {"action_time": "2022-05-29T18:56:28.172Z", "user": 3, "content_type": 1, "object_id": "20", "object_repr": "\u041d\u043e\u0432\u044b\u0439 \u043f\u043e\u0441\u0442 \u0434\u043b\u044f \u0442\u0435\u0441\u0442\u0438\u0440\u043e\u0432\u0430\u043d\u0438\u044f. \u0442", "action_flag": 3, "change_message": ""}}, {"model": "admin.logentry", "pk": 67, "fields": {"action_time": "2022-05-29T18:56:28.189Z", "user": 3, "content_type": 1, "object_id": "19", "object_repr": "\u041d\u043e\u0432\u044b\u0439 \u043f\u043e\u0441\u0442 \u0434\u043b\u044f \u0442\u0435\u0441\u0442\u0438\u0440\u043e\u0432\u0430\u043d\u0438\u044f. \u0442", "action_flag": 3, "change_message": ""}}, {"model": "admin.logentry", "pk": 68, "fields": {"action_time": "2022-05-29T18:56:28.207Z", "user": 3, "content_type": 1, "object_id": "18", "object_repr": "\u041d\u043e\u0432\u044b\u0439 \u043f\u043e\u0441\u0442 \u0434\u043b\u044f \u0442\u0435\u0441\u0442\u0438\u0440\u043e\u0432\u0430\u043d\u0438\u044f. \u0442", "action_flag": 3, "change_message": ""}}, {"model": "admin.logentry", "pk": 69, "fields": {"action_time": "2022-05-29T18:56:28.225Z", "user": 3, "content_type": 1, "object_id": "17", "object_repr": "\u041d\u043e\u0432\u044b\u0439 \u043f\u043e\u0441\u0442 \u0434\u043b\u044f \u0442\u0435\u0441\u0442\u0438\u0440\u043e\u0432\u0430\u043d\u0438\u044f. \u0442", "action_flag": 3, "change_message": ""}}, {"model": "admin.logentry", "pk": 70, "fields": {"action_time": "2022-05-29T18:56:28.244Z", "user": 3, "content_type": 1, "object_id": "16", "object_repr": "\u041d\u043e\u0432\u044b\u0439 \u043f\u043e\u0441\u0442 \u0434\u043b\u044f \u0442\u0435\u0441\u0442\u0438\u0440\u043e\u0432\u0430\u043d\u0438\u044f. \u0442", "action_flag": 3, "change_message": ""}}, {"model": "admin.logentry", "pk": 71, "fields": {"action_time": "2022-05-29T18:56:28.261Z", "user": 3, "content_type": 1, "object_id": "15", "object_repr": "\u041d\u043e\u0432\u044b\u0439 \u043f\u043e\u0441\u0442 \u0434\u043b\u044f \u0442\u0435\u0441\u0442\u0438\u0440\u043e\u0432\u0430\u043d\u0438\u044f. \u0442", "action_flag": 3, "change_message": ""}}, {"model": "admin.logentry", "pk": 72, "fields": {"action_time": "2022-05-29T18:56:28.279Z", "user": 3, "content_type": 1, "object_id": "14", "object_repr": "\u041d\u043e\u0432\u044b\u0439 \u043f\u043e\u0441\u0442 \u0434\u043b\u044f \u0442\u0435\u0441\u0442\u0438\u0440\u043e\u0432\u0430\u043d\u0438\u044f. \u0442", "action_flag": 3, "change_message": ""}}, {"model": "admin.logentry", "pk": 73, "fields": {"action_time": "2022-05-29T18:56:28.296Z", "user": 3, "content_type": 1, "object_id": "13", "object_repr": "\u041d\u043e\u0432\u044b\u0439 \u043f\u043e\u0441\u0442 \u0434\u043b\u044f \u0442\u0435\u0441\u0442\u0438\u0440\u043e\u0432\u0430\u043d\u0438\u044f. \u0442", "action_flag": 3, "change_message": ""}}, {"model": "admin.logentry", "pk": 74, "fields": {"action_time": "2022-05-29T18:56:28.313Z", "user": 3, "content_type": 1, "object_id": "12", "object_repr": "\u0418\u0441\u0442\u043e\u0447\u043d\u0438\u043a\u0438 \u043f\u0438\u0448\u0443\u0442, \u0447\u0442\u043e, \u0443\u0431\u0440\u0430\u0432 \u0437\u0430", "action_flag": 3, "change_message": ""}}, {"model": "admin.logentry", "pk": 75, "fields": {"action_time": "2022-05-29T18:56:28.330Z", "user": 3, "content_type": 1, "object_id": "11", "object_repr": "\u041d\u043e\u0432\u044b\u0439 \u043f\u043e\u0441\u0442 \u0434\u043b\u044f \u0442\u0435\u0441\u0442\u0438\u0440\u043e\u0432\u0430\u043d\u0438\u044f. \u0442", "action_flag": 3, "change_message": ""}}, {"model": "admin.logentry", "pk": 76, "fields": {"action_time": "2022-05-29T18:56:28.348Z", "user": 3, "content_type": 1, "object_id": "10", "object_repr": "\u041d\u043e\u0432\u044b\u0439 \u043f\u043e\u0441\u0442 \u0434\u043b\u044f \u0442\u0435\u0441\u0442\u0438\u0440\u043e\u0432\u0430\u043d\u0438\u044f. \u0442", "action_flag": 3, "change_message": ""}}, {"model": "admin.logentry", "pk": 77, "fields": {"action_time": "2022-05-29T18:56:28.366Z", "user": 3, "content_type": 1, "object_id": "9", "object_repr": "\u041d\u043e\u0432\u044b\u0439 \u043f\u043e\u0441\u0442 \u0434\u043b\u044f \u0442\u0435\u0441\u0442\u0438\u0440\u043e\u0432\u0430\u043d\u0438\u044f. \u0442", "action_flag": 3, "change_message": ""}}, {"model": "admin.logentry", "pk": 78, "fields": {"action_time": "2022-05-29T18:56:28.381Z", "user": 3, "content_type": 1, "object_id": "8", "object_repr": "\u041d\u043e\u0432\u044b\u0439 \u043f\u043e\u0441\u0442 \u0434\u043b\u044f \u0442\u0435\u0441\u0442\u0438\u0440\u043e\u0432\u0430\u043d\u0438\u044f. \u0442", "action_flag": 3, "change_message": ""}}, {"model": "admin.logentry", "pk": 79, "fields": {"action_time": "2022-05-29T18:56:28.399Z", "user": 3, "content_type": 1, "object_id": "7", "object_repr": "\u041d\u043e\u0432\u044b\u0439 \u043f\u043e\u0441\u0442 \u0434\u043b\u044f \u0442\u0435\u0441\u0442\u0438\u0440\u043e\u0432\u0430\u043d\u0438\u044f. \u0442", "action_flag": 3, "change_message": ""}}, {"model": "admin.logentry", "pk": 80, "fields": {"action_time": "2022-05-29T18:56:28.416Z", "user": 3, "content_type": 1, "object_id": "6", "object_repr": "\u041d\u043e\u0432\u044b\u0439 \u043f\u043e\u0441\u0442 \u0434\u043b\u044f \u0442\u0435\u0441\u0442\u0438\u0440\u043e\u0432\u0430\u043d\u0438\u044f. \u0442", "action_flag": 3, "change_message": ""}}, {"model": "admin.logentry", "pk": 81, "fields": {"action_time": "2022-05-29T18:56:28.434Z", "user": 3, "content_type": 1, "object_id": "5", "object_repr": "\u041d\u043e\u0432\u044b\u0439 \u043f\u043e\u0441\u0442 \u0434\u043b\u044f \u0442\u0435\u0441\u0442\u0438\u0440\u043e\u0432\u0430\u043d\u0438\u044f. \u0442", "action_flag": 3, "change_message": ""}}, {"model": "admin.logentry", "pk": 82, "fields": {"action_time": "2022-05-29T18:56:28.451Z", "user": 3, "content_type": 1, "object_id": "4", "object_repr": "\u041d\u043e\u0432\u044b\u0439 \u043f\u043e\u0441\u0442 \u0434\u043b\u044f \u0442\u0435\u0441\u0442\u0438\u0440\u043e\u0432\u0430\u043d\u0438\u044f. \u0442", "action_flag": 3, "change_message": ""}}, {"model": "admin.logentry", "pk": 83, "fields": {"action_time": "2022-05-29T18:56:28.470Z", "user": 3, "content_type": 1, "object_id": "3", "object_repr": "\u041d\u043e\u0432\u044b\u0439 \u043f\u043e\u0441\u0442 \u0434\u043b\u044f \u0442\u0435\u0441\u0442\u0438\u0440\u043e\u0432\u0430\u043d\u0438\u044f. \u0442", "action_flag": 3, "change_message": ""}}, {"model": "admin.logentry", "pk": 84, "fields": {"action_time": "2022-05-29T18:56:28.486Z", "user": 3, "content_type": 1, "object_id": "2", "object_repr": "\u041d\u043e\u0432\u044b\u0439 \u043f\u043e\u0441\u0442 \u0434\u043b\u044f \u0442\u0435\u0441\u0442\u0438\u0440\u043e\u0432\u0430\u043d\u0438\u044f. \u0442", "action_flag": 3, "change_message": ""}}, {"model": "admin.logentry", "pk": 85, "fields": {"action_time": "2022-05-29T18:56:47.038Z", "user": 3, "content_type": 8, "object_id": "2", "object_repr": "\u041a\u043e\u0442\u044b", "action_flag": 3, "change_message": ""}}, {"model": "admin.logentry", "pk": 86, "fields": {"action_time": "2022-05-29T18:56:47.060Z", "user": 3, "content_type": 8, "object_id": "1", "object_repr": "\u041b\u0438\u0442\u0435\u0440\u0430\u0442\u0443\u0440\u0430 - \u043a\u043b\u0430\u0441\u0441\u0438\u043a\u0430", "action_flag": 3, "change_message": ""}}, {"model": "admin.logentry", "pk": 87, "fields": {"action_time": "2022-05-29T18:57:24.811Z", "user": 3, "content_type": 8, "object_id": "3", "object_repr": "\u041f\u0443\u0442\u0435\u0448\u0435\u0441\u0442\u0432\u0438\u044f", "action_flag": 1, "change_message": "[{\"added\": {}}]"}}, {"model": "admin.logentry", "pk": 88, "fields": {"action_time": "2022-05-29T18:57:44.366Z", "user": 3, "content_type": 8, "object_id": "4", "object_repr": "\u0421\u043f\u043e\u0440\u0442", "action_flag": 1, "change_message": "[{\"added\": {}}]"}}, {"model": "admin.logentry", "pk": 89, "fields": {"action_time": "2022-05-29T18:58:10.887Z", "user": 3, "content_type": 8, "object_id": "5", "object_repr": "\u0422\u0435\u0445\u043d\u0438\u043a\u0430", "action_flag": 1, "change_message": "[{\"added\": {}}]"}}, {"model": "admin.logentry", "pk": 90, "fields": {"action_time": "2022-05-29T18:58:49.698Z", "user": 3, "content_type": 8, "object_id": "6", "object_repr": "\u0421\u0430\u0434\u043e\u0432\u043e\u0434\u0441\u0442\u0432\u043e", "action_flag": 1, "change_message": "[{\"added\": {}}]"}}, {"model": "admin.logentry", "pk": 91, "fields": {"action_time": "2022-05-29T19:09:42.759Z", "user": 3, "content_type": 5, "object_id": "5", "object_repr": "BRD", "action_flag": 3, "change_message": ""}}, {"model": "admin.logentry", "pk": 92, "fields": {"action_time": "2022-05-29T19:09:42.778Z", "user": 3, "content_type": 5, "object_id": "4", "object_repr": "Bord", "action_flag": 3, "change_message": ""}}, {"model": "admin.logentry", "pk": 93, "fields": {"action_time": "2022-05-29T19:09:42.794Z", "user": 3, "content_type": 5, "object_id": "2", "object_repr": "leo", "action_flag": 3, "change_message": ""}}, {"model": "admin.logentry", "pk": 94, "fields": {"action_time": "2022-05-29T19:10:00.540Z", "user": 3, "content_type": 5, "object_id": "3", "object_repr": "bassd", "action_flag": 2, "change_message": "[{\"changed\": {\"fields\": [\"last_name\"]}}]"}}, {"model": "admin.logentry", "pk": 95, "fields": {"action_time": "2022-05-30T21:29:54.214Z", "user": 3, "content_type": 8, "object_id": "7", "object_repr": "\u0416\u0438\u0437\u043d\u044c", "action_flag": 1, "change_message": "[{\"added\": {}}]"}}]